name,address,subway_distance,call,price,url,note,visitor_review,blog_review,area,subway,star,orginized_price
토즈 선릉점,서울 강남구 테헤란로70길 14-8 세왕개발빌딩 9층,선릉역 1번출구에서 437m,02-2052-0113,"1~2인 (기본2시간)15,000원프리미엄 2인 (기본2시간)20,000원3~4인 (기본2시간)25,000원5~6인 (기본2시간)50,000원7~8인 (기본2시간)70,000원프리미엄 9인 (기본2시간)80,000원프리미엄 10~12인 (기본2시간)100,000원20~26인 부스변동20~32인 부스변동",https://blog.naver.com/tozsl,"예약, 단체 이용 가능, 무선 인터넷, 남/녀 화장실 구분, 주차",방문자 리뷰 612,블로그 리뷰 153,강남구,선릉역,별점 4.67,"1~2인 - 1시간 7,500원, 3~4인 - 1시간 12,500원, 5~6인 - 1시간 25,000원, 7~8인 - 1시간 35,000원, 프리미엄 2인 - 1시간 10,000원, 프리미엄 9인 - 1시간 40,000원, 프리미엄 10~12인 - 1시간 50"
라곰스터디카페 대치점,서울 강남구 역삼로 444 지하1층,한티역 2번출구에서 772m,0507-1417-0883,"친구소개100시간충전시 각20시간증정무료네이버 리뷰 작성시 1시간 증정무료카카오채널 친구 추가시 1시간 증정무료1시간2,500원10%할인 겨울방학이벤트 100시간99,000원12%할인 충전권 (5시간)11,000원32%할인 충전권 (10시간)17,000원36%할인 충전권 (20시간)32,000원40%할인 충전권 (30시간)45,000원48%할인 충전권 (50시간)65,000원",https://www.gosca.co.kr,"무선 인터넷, 남/녀 화장실 구분, 단체 이용 가능, 예약",방문자 리뷰 10,블로그 리뷰 51,강남구,한티역,,"1시간 2,500원"
지혜림 스터디룸 대치센터,서울 강남구 삼성로67길 53,한티역 2번출구에서 531m,0507-1344-2575,"파인 (2인룸:최대3인) 시간당4,000원오크 (2인룸:최대3인) 시간당4,000원메이플 (2인룸:최대3인) 시간당4,000원자작나무숲 (4,5인룸) 시간당8,000원편백나무숲 (4,5인룸) 시간당8,000원",http://devpay.co.kr/room_reservation/0295/reserve.php,"단체 이용 가능, 예약, 무선 인터넷, 남/녀 화장실 구분",방문자 리뷰 8,블로그 리뷰 14,강남구,한티역,,"2인 - 1시간 4,000원, 4인실 - 1시간 8,000원"
룸룸 스터디룸 역삼개나리점,서울 강남구 역삼로 306 개나리래미안 상가동 3층 301호,선릉역 3번출구에서 738m,0507-1445-3484,가격정보 없음,https://blog.naver.com/roomroomstudy?tab=1,"단체 이용 가능, 예약, 무선 인터넷, 남/녀 화장실 구분, 간편결제",방문자 리뷰 2,,강남구,선릉역,,가격정보 없음
롤리폴리스터디룸,서울 강남구 역삼로 452,선릉역 1번출구에서 930m,번호정보 없음,가격정보 없음,URL정보 없음,비고 없음,,,강남구,선릉역,,가격정보 없음
한티아이비 스터디룸,서울 강남구 도곡로63길 24 지하1층,한티역 2번출구에서 257m,번호정보 없음,"마주 앉는 2인실(시간당)8,000원나란히 앉는 2인실(시간당)8,000원3인실(시간당)11,000원4인실(시간당)12,000원",https://blog.naver.com/ivystudyroom12,"무선 인터넷, 남/녀 화장실 구분, 예약, 대기공간",방문자 리뷰 47,블로그 리뷰 5,강남구,한티역,,"2인실 - 1시간 8,000원, 3인실 - 1시간 11,000원, 4인실 - 1시간 12,000원"
헤이븐스터디룸 대치,서울 강남구 삼성로 331 지하 1층,대치역 2번출구에서 885m,0507-1393-1568,가격정보 없음,https://www.gosca.co.kr,"예약, 무선 인터넷, 단체 이용 가능, 남/녀 화장실 구분, 간편결제, 주차",방문자 리뷰 1,블로그 리뷰 5,강남구,대치역,,가격정보 없음
시그니처스터디룸,서울 강남구 삼성로61길 20 지하1층,한티역 2번출구에서 583m,0507-1386-6627,가격정보 없음,URL정보 없음,"무선 인터넷, 남/녀 화장실 구분, 대기공간, 예약",,,강남구,한티역,,가격정보 없음
토즈 대치1센터,서울 강남구 도곡로83길 8 성창빌딩 3-5층,대치역 3번출구에서 803m,02-539-0008,가격정보 없음,https://hellenk88.modoo.at,"예약, 주차, 무선 인터넷, 남/녀 화장실 구분",방문자 리뷰 19,블로그 리뷰 8,강남구,대치역,별점 3.94,가격정보 없음
스카이캐슬 스터디카페 1호점,"서울 강남구 역삼로63길 5 지하1층, 지상1층 스카이캐슬 스터디카페 1호점",선릉역 1번출구에서 473m,0507-1409-3225,"당일 시간권 1시간 (1일)사용기간3,000원당일 시간권 2시간 (1일)사용기간5,000원당일 시간권 3시간 (1일)사용기간6,000원당일 시간권 1시간 (4일)사용기간8,000원당일 시간권 5시간 (1일)사용기간10,000원당일 시간권 6시간 (1일)사용기간12,000원당일 시간권 7시간 (1일)사용기간14,000원당일 시간권 8시간 (1일)사용기간16,000원당일 시간권 10시간 (1일)사용기간19,000원충전권 10시간(365일)사용기간20,000원",https://blog.naver.com/skycastle_studycafe_,"남/녀 화장실 구분, 무선 인터넷, 단체 이용 가능, 예약, 간편결제, 주차",방문자 리뷰 214,블로그 리뷰 10,강남구,선릉역,별점 4.46,가격정보 없음
작심스터디카페 대치914점,서울 강남구 삼성로71길 21 1층 작심스터디카페 대치914점,한티역 2번출구에서 902m,02-556-0914,"스터디룸ㅣ회의실(1시간)8,000원일일 이용권(2시간)4,000원일일 이용권(4시간)7,000원일일 이용권(6시간)10,000원일일 이용권(8시간)12,000원50시간 이용권(6주)80,000원100시간 이용권(12주)150,000원자유석 이용권(2주)140,000원자유석 이용권(4주)230,000원케임브릿지 고정석(4주)250,000원",https://s.solo.pickko.net/fRbdbnkzfQTEAPwRDcHF,"단체 이용 가능, 무선 인터넷, 남/녀 화장실 구분, 대기공간, 예약",방문자 리뷰 9,,강남구,한티역,,"스터디룸 - 1시간 8,000원, 스터디룸 - 2시간 4,000원, 스터디룸 - 4시간 7,000원, 스터디룸 - 6시간 10,000원, 스터디룸 - 8시간 12,000원"
룸룸스페이스 회의실 선릉역점,서울 강남구 선릉로93길 7 3층,선릉역 7번출구에서 130m,0507-1449-0464,가격정보 없음,URL정보 없음,"단체 이용 가능, 무선 인터넷",방문자 리뷰 10,블로그 리뷰 1,강남구,선릉역,,가격정보 없음
로프트스터디카페,서울 강남구 삼성로 341 B1,대치역 2번출구에서 971m,0507-1310-4177,가격정보 없음,https://www.instagram.com/loft_study,"예약, 단체 이용 가능, 무선 인터넷, 남/녀 화장실 구분",방문자 리뷰 93,블로그 리뷰 16,강남구,대치역,별점 4.63,가격정보 없음
엔아르케 스터디카페,서울 강남구 역삼로64길 20 지하 1층,한티역 2번출구에서 409m,0507-1315-3370,"2인실 스터디룸5,000원4인실 스터디룸8,000원6인실 스터디룸12,000원2주 기간권100,000원4주 기간권170,000원100시간 (유효기간 100일)100,000원2시간4,000원4시간7,000원6시간10,000원8시간13,000원",http://enarche.modoo.at,"단체 이용 가능, 무선 인터넷, 남/녀 화장실 구분, 주차",방문자 리뷰 10,블로그 리뷰 6,강남구,한티역,,"2인실 - 1시간 2,000원, 4인실 - 1시간 2,000원, 6인실 - 1시간 2,000원, 2시간 4,000원, 4시간 7,000원, 6시간 10,000원, 8시간 13,000원"
더작심스터디카페 대치사거리점,서울 강남구 삼성로 321 지하1층 더작심스터디카페 대치사거리점,대치역 2번출구에서 802m,번호정보 없음,"1시간2,500원2시간4,000원4시간7,000원6시간11,000원8시간14,000원12시간(반일권)16,000원24시간(종일권)22,000원시간제정기권10시간(30일)20,000원시간제정기권30시간(60일)50,000원시간제정기권50시간(150일)80,000원",https://pf.kakao.com/_xbvRmG,"예약, 무선 인터넷, 남/녀 화장실 구분, 단체 이용 가능",방문자 리뷰 21,블로그 리뷰 18,강남구,대치역,,가격정보 없음
앉아스터디카페,서울 강남구 선릉로64길 15-6 지하1층,한티역 2번출구에서 289m,0507-1389-9942,"1시간2,000원2시간4,000원3시간5,000원4시간7,000원5시간8,000원6시간10,000원8시간13,000원10시간15,000원30시간50,000원50시간80,000원",https://blog.naver.com/anja_study,"남/녀 화장실 구분, 무선 인터넷, 단체 이용 가능, 예약, 주차",방문자 리뷰 78,블로그 리뷰 143,강남구,한티역,,가격정보 없음
워크토크 선릉점,서울 강남구 테헤란로 406 샹제리제센터 A동,선릉역 1번출구에서 17m,0507-1334-2834,가격정보 없음,https://pf.kakao.com/_wPQeb,"예약, 반려동물 동반, 무선 인터넷, 단체 이용 가능, 주차",방문자 리뷰 17,블로그 리뷰 21,강남구,선릉역,,가격정보 없음
시작스터디카페 한티1호점,서울 강남구 선릉로 314 3층 301호,한티역 1번출구에서 174m,02-555-9500,"일일이용권 1시간3,000원일일이용권 2시간5,000원일일이용권 3시간6,000원일일이용권 4시간8,000원일일이용권 5시간10,000원일일이용권 6시간12,000원일일이용권 7시간14,000원일일이용권8시간16,000원일일이용권 9시간18,000원일일이용권 12시간20,000원",URL정보 없음,"무선 인터넷, 남/녀 화장실 구분, 예약, 단체 이용 가능",방문자 리뷰 41,블로그 리뷰 5,강남구,한티역,,가격정보 없음
토즈 역삼점,서울 강남구 논현로98길 6,역삼역 7번출구에서 322m,0507-1403-0811,"2인실(기본 2시간)15,000원4인실(기본 2시간)25,000원6인실(기본 2시간)40,000원8인실(기본 2시간)50,000원15인 세미나실(기본 2시간)80,000원18인 세미나실(기본 2시간)100,000원1인 오픈석 (1시간) : 소음불가2,500원1인 독립석 (1시간) : 소음불가3,000원노트북 대여 (1시간)1,500원음료 셀프바 무료 이용변동",https://moim.toz.co.kr/,"예약, 단체 이용 가능, 무선 인터넷, 남/녀 화장실 구분",방문자 리뷰 199,블로그 리뷰 54,강남구,역삼역,별점 4.55,"2인실 - 1시간 7,500원, 4인실 - 1시간 12,500원, 6인실 - 1시간 20,000원, 8인실 - 1시간 25,000원, 15인 - 1시간 40,000원, 18인 - 1시간 50,000원, 1인 오픈석 - 1시간 2,500원, 1인 독립석 -"
스페이스나인스터디카페 대치점,서울 강남구 삼성로 314 1층,대치역 3번출구에서 723m,02-508-0903,"2시간5,000원3시간7,200원4시간9,400원5시간11,500원6시간13,300원7시간15,400원8시간17,200원9시간18,900원10시간20,500원11시간22,000원",URL정보 없음,"남/녀 화장실 구분, 무선 인터넷, 예약",방문자 리뷰 8,블로그 리뷰 4,강남구,대치역,,"4인실 - 2시간 5,000원, 4인실 - 4시간 9,400원, 4인실 - 6시간 13,300원, 4인실 - 8시간 17,200원, 4인실 - 10시간 20,500원"
비에이블스터디카페 대치2센터,"서울 강남구 선릉로62길 33 (대치동, 장성빌딩)",한티역 2번출구에서 230m,번호정보 없음,"자유석 2시간4,000원자유석 3시간6,000원자유석 4시간8,000원30시간권60,000원50시간권90,000원100시간권170,000원150시간권230,000원200시간권280,000원스터디룸(3인실)8,000원스터디룸(4인실)10,000원",https://blog.naver.com/beable_daechi2,"무선 인터넷, 남/녀 화장실 구분, 예약, 단체 이용 가능",방문자 리뷰 61,블로그 리뷰 16,강남구,한티역,,"자유석 - 1시간 2,000원, 스터디룸(3인실) - 1시간 4,000원, 스터디룸(4인실) - 1시간 5,000원"
시작스터디카페 한티2호점,서울 강남구 선릉로 310 지하1층,한티역 1번출구에서 100m,070-8018-4094,"일일이용권 1시간3,000원일일이용권 2시간5,000원일일이용권 3시간6,000원일일이용권 4시간8,000원일일이용권 5시간10,000원일일이용권 6시간12,000원일일이용권 7시간14,000원일일이용권 8시간16,000원일일이용권 9시간18,000원일일이용권 12시간20,000원",URL정보 없음,비고 없음,방문자 리뷰 3,블로그 리뷰 2,강남구,한티역,,"일일이용권 - 1시간 3,000원, 일일이용권 - 2시간 5,000원, 일일이용권 - 3시간 6,000원, 일일이용권 - 4시간 8,000원, 일일이용권 - 5시간 10,000원, 일일이용권 - 6시간 12,000원, 일일이용권 - 7시간 14,000원, 일일이용권 -"
보비커피. 스터디룸. 24시 무인카페,서울 서대문구 이화여대길 50-12 럭키대현아파트 단지내상가 201호,이대역 3번출구에서 553m,0507-1381-8227,가격정보 없음,https://blog.naver.com/bobicoffee,"단체 이용 가능, 무선 인터넷, 남/녀 화장실 구분, 예약, 포장, 간편결제, 주차",방문자 리뷰 40,블로그 리뷰 14,서대문구,이대역,,가격정보 없음
이스끄라스터디모임공간,서울 마포구 신촌로 180-1,이대역 6번출구에서 18m,02-701-9538,가격정보 없음,http://cafe.naver.com/iskrastudy,비고 없음,방문자 리뷰 9,블로그 리뷰 1,마포구,이대역,,가격정보 없음
플랜에이 이화스터디룸&카페,서울 서대문구 이화여대길 75 3층,역정보 없음,0507-1355-0622,"일회이용권 2시간3,500원일회이용권 4시간6,000원일회이용권 6시간8,000원일회이용권 8시간10,000원일회이용권 12시간13,000원일회이용권 연장 1시간2,000원시간충전권 30시간(기한12개월)40,000원시간충전권 50시간(기한12개월)65,000원시간충전권 50시간 (기한 30일)50,000원시간충전권 100시간(기한12개월)120,000원",http://pf.kakao.com/_xniaxlK/chat,"예약, 무선 인터넷, 단체 이용 가능, 남/녀 화장실 구분",방문자 리뷰 175,블로그 리뷰 46,서대문구,,별점 4.77,가격정보 없음
온라운지 공덕 스터디룸 회의실,서울 마포구 마포대로 156 공덕푸르지오시티,공덕역 4번출구에서 339m,0507-1380-7633,"시간제 예약(인원추가 요금 없음)15,000원",https://blog.naver.com/onlounge,"단체 이용 가능, 예약, 무선 인터넷, 간편결제, 주차",방문자 리뷰 5,,마포구,공덕역,,"0인실 - 1시간 15,000원"
토즈 스터디센터 공덕1센터,서울 용산구 만리재로 134 9층~10층,애오개역 4번출구에서 672m,02-707-1019,"[당일권] 2시간4,000원[당일권] 4시간7,000원[당일권] 6시간8,000원[당일권] 8시간10,000원[당일권] 1일권13,000원[시간권] 30시간60,000원[시간권] 50시간95,000원[시간권] 80시간140,000원[시간권] 100시간160,000원[기간권] 1주-자유석50,000원",https://blog.naver.com/tozgongdeok,"예약, 무선 인터넷, 남/녀 화장실 구분, 단체 이용 가능",방문자 리뷰 52,블로그 리뷰 7,용산구,애오개역,별점 4.37,가격정보 없음
신촌 채움 모임공간 스터디룸 회의실,서울 마포구 신촌로 150 신촌포스빌 2층,이대역 6번출구에서 287m,0507-1421-2110,"스터디룸 평일 8:00-17:001,500~1,600원스터디룸 평일 17:00~24:001,800~2,000원스터디룸 주말 8:00~24:001,800~2,000원스터디룸 심야 00:00~8:001,200원독립 스터디룸은 1일권 없음변동",http://chaeumhome.modoo.at/,"예약, 단체 이용 가능, 주차, 무선 인터넷, 남/녀 화장실 구분, 포장, 배달",방문자 리뷰 126,블로그 리뷰 173,마포구,이대역,,"주중 - 1시간 1,500원~1,600원, 주중 - 1시간 1,800원~2,000원, 주말 - 1시간 1,800원~2,000원, 심야 - 1시간 1,200원"
시너지스터디룸,서울 마포구 백범로 134-1 2층 3호,대흥역 3번출구에서 384m,02-702-0302,"SELF 2인실 1시간6,000원SELF 2인실 30분3,000원G1 (3인실) 30분3,000원G2 (4인실)30분4,000원G3 (6인실)30분5,000원",URL정보 없음,"단체 이용 가능, 무선 인터넷, 예약, 남/녀 화장실 구분",,블로그 리뷰 1,마포구,대흥역,,"2인실 - 1시간 6,000원, 30분 3,000원, 3인실 - 30분 3,000원, 4인실 - 30분 4,000원, 6인실 - 30분 5,000원"
이대앞 스터디카페,서울 서대문구 이화여대길 52-49 5층,이대역 3번출구에서 331m,0507-1303-7863,가격정보 없음,https://blog.naver.com/cielocla,"남/녀 화장실 구분, 무선 인터넷, 예약, 주차",방문자 리뷰 40,블로그 리뷰 70,서대문구,이대역,,가격정보 없음
멘토즈스터디카페 이화여대점,"서울 서대문구 이화여대길 53 4층, 5층",이대역 3번출구에서 259m,0507-1390-1460,"당일권 2시간4,000원당일권 4시간6,000원당일권 6시간9,000원당일권 8시간11,000원당일권 12시간16,000원시간권 30시간 (4주)45,000원시간권 50시간 (8주)75,000원시간권 100시간 (16주)130,000원기간권 1주 (7일)50,000원기간권 2주 (14일)90,000원",https://www.instagram.com/ewhamento/,"무선 인터넷, 남/녀 화장실 구분",방문자 리뷰 8,블로그 리뷰 15,서대문구,이대역,,"4인실 - 2시간 4,000원, 4인실 - 4시간 6,000원, 4인실 - 6시간 9,000원, 4인실 - 8시간 11,000원, 4인실 - 12시간 16,000원"
알씨디스페이스 공덕점,"서울 마포구 마포대로11길 35 3,4층",공덕역 3번출구에서 571m,번호정보 없음,"일반석 시간권 2시간3,000원일반석 시간권 3시간4,000원일반석 시간권 4시간5,000원일반석 시간권 6시간7,000원일반석 시간권 8시간9,000원일반석 시간권 12시간10,000원기간형정액권 20시간/60일내사용28,000원기간형정액권 50시간/120일내사용60,000원기간형정액권 100시간/180일내사용110,000원기간형정액권 200시간/240일내사용190,000원",http://pf.kakao.com/_eufnG,무선 인터넷,방문자 리뷰 47,블로그 리뷰 31,마포구,공덕역,별점 4.14,가격정보 없음
토즈스터디카페 공덕센터,서울 마포구 백범로 134-1 공덕빌딩 5층,대흥역 3번출구에서 384m,0507-1366-6212,"시간충전권(100시간)140,000원자유석2주(14일)120,000원자유석(1개월)200,000원낮시간요금(8시~16시)/30일150,000원관리반(독립석)350,000원관리반(반독립석)300,000원관리반(일반석)270,000원지정석(C타입)260,000원지정석(A,B타입)240,000원지정석(D타입)200,000원",https://blog.naver.com/tozsca,"남/녀 화장실 구분, 무선 인터넷",방문자 리뷰 35,블로그 리뷰 4,마포구,대흥역,별점 4.68,가격정보 없음
피플스터디카페 서대문역점,서울 서대문구 경기대로 82 5층,서대문역 2번출구에서 195m,02-312-8801,가격정보 없음,https://blog.naver.com/utopia-cafe-study,"예약, 무선 인터넷, 남/녀 화장실 구분, 주차",방문자 리뷰 39,블로그 리뷰 4,서대문구,서대문역,,가격정보 없음
철부지모임공간 신촌이대점,서울 서대문구 이화여대1안길 25 1층 101호,이대역 1번출구에서 261m,0507-1410-2212,"주말 시간당30,000원평일 저녁(시간당) 12명기준20,000원평일 낮(시간당) 12명기준20,000원",https://blog.naver.com/steelman29,"무선 인터넷, 예약, 배달",방문자 리뷰 25,블로그 리뷰 91,서대문구,이대역,,"12인 - 주중 - 1시간 20,000원, 12인 - 주말 - 1시간 30,000원"
스터디셀러,서울 서대문구 이화여대길 76 4층,신촌역 1번출구에서 179m,02-313-5020,"평일(10시~18시)/1시간1,000원평일(18시~22시)/1시간1,500원주말/공휴일(10시~22시)/1시간1,500원30분 추가(18시 이전)500원30분 추가(18시 이후)1,000원5일권50,000원7일권(주말포함)80,000원1개월권230,000원",URL정보 없음,"예약, 단체 이용 가능, 무선 인터넷",방문자 리뷰 6,블로그 리뷰 1,서대문구,신촌역,,"주중 - 1시간 1,000원~1,500원, 주말/공휴일 - 1시간 1,500원"
앤딩스터디카페 냉천점,서울 서대문구 독립문로 65 2층 냉천동,서대문역 2번출구에서 302m,02-363-7589,"1시간1,000원4시간3,500원6시간5,000원9시간7,000원12시간9,000원100시간95,000원200시간180,000원2주 기간권65,000원4주 기간권109,000원8주 기간권210,000원",http://pf.kakao.com/_UxaeRG,"남/녀 화장실 구분, 단체 이용 가능, 무선 인터넷, 예약, 간편결제",방문자 리뷰 27,블로그 리뷰 58,서대문구,서대문역,,"0인실 - 1시간 1,000원, 0인실 - 4시간 3,500원, 0인실 - 6시간 5,000원, 0인실 - 9시간 7,000원, 0인실 - 12시간 9,000원"
열공다방 스터디카페 서대문점,서울 서대문구 통일로 155-1 3층 열공다방,서대문역 2번출구에서 290m,0507-1322-5138,"당일권 [2시간]4,000원당일권[4시간]7,000원당일권[6시간]10,000원당일권[8시간]12,000원당일권[10시간]15,000원연장1시간2,000원[정기권]기간권2주85,000원[정기권]기간권4주135,000원[정기권]8주권225,000원[정기권]12주권320,000원",https://blog.naver.com/yeolgongdabang,"예약, 무선 인터넷, 남/녀 화장실 구분, 단체 이용 가능",방문자 리뷰 224,블로그 리뷰 20,서대문구,서대문역,별점 4.65,가격정보 없음
스터디룸인,서울 종로구 청계천로 61 관철동 빌딩,종각역 4번출구에서 162m,02-732-1127,가격정보 없음,https://blog.naver.com/studyroom-in,"예약, 무선 인터넷, 남/녀 화장실 구분",방문자 리뷰 965,블로그 리뷰 364,종로구,종각역,,가격정보 없음
토즈모임센터 광화문점,서울 종로구 새문안로 89 정우빌딩,광화문역 7번출구에서 207m,02-735-0022,"A타입(2인/기본 2시간)15,000원B타입(2-3인/기본 2시간)16,000원C타입(3-4인/기본 2시간)28,000원D타입(4-5인/기본 2시간)35,000원E타입(5-6인/기본 2시간)44,000원F타입(6-7인/기본 2시간)50,000원G타입(7-8인/기본 2시간)56,000원대형부스(정원20,최대25,지점문의)260,000원오픈석(워크센터/시간당)2,500원독립석(워크센터/시간당)3,000원",https://blog.naver.com/tozghm0022,"예약, 단체 이용 가능, 무선 인터넷, 남/녀 화장실 구분",방문자 리뷰 191,블로그 리뷰 46,종로구,광화문역,별점 4.32,"2인 - 1시간 7,500원, 3-4인 - 1시간 14,000원, 4-5인 - 1시간 17,500원, 5-6인 - 1시간 22,000원, 6-7인 - 1시간 25,000원, 7-8인 - 1시간 28,000원, 정원20,최대25 - 1시간 13,000원"
종로스터디룸 피앤티스퀘어,서울 종로구 수표로 105 육의전빌딩 지하2층,가역 1번출구에서 191m,0507-1410-3264,"심야 이용 정액권(1인기준)8,000원랩실+홀 전체 통 대관(1일9시간)1,000,000원[랩실] 6인실 1개월 정기권1,200,000원[랩실] 8인실 1개월 정기권1,500,000원수제딸기라떼4,600원수제딸기요거트스무디5,000원블루베리스무디4,900원수제자몽에이드4,500원수제레몬에이드4,500원9곡라떼4,200원",URL정보 없음,"예약, 단체 이용 가능, 무선 인터넷, 남/녀 화장실 구분, 포장, 배달, 방문접수/출장",방문자 리뷰 291,블로그 리뷰 111,종로구,종로3가역,,가격정보 없음
모임공간 상연재,서울 중구 세종대로19길 16 (정동3-7) 성공회빌딩 본관2층 상연재,시청역 3번출구에서 164m,02-736-3030,가격정보 없음,http://www.sangyeonjae.co.kr,"주차, 남/녀 화장실 구분, 무선 인터넷, 예약, 단체 이용 가능",방문자 리뷰 86,블로그 리뷰 77,중구,시청역,별점 4.3,가격정보 없음
워크토크 시청점 회의실,서울 중구 서소문로 116 유원빌딩 17층 1702호,시청역 9번출구에서 39m,0507-1402-2641,가격정보 없음,https://pf.kakao.com/_wPQeb,"예약, 단체 이용 가능, 무선 인터넷, 반려동물 동반, 남/녀 화장실 구분, 주차",방문자 리뷰 15,,중구,시청역,,가격정보 없음
써밋스터디카페 서촌점,서울 종로구 자하문로9길 11 3층,경복궁역 2번출구에서 421m,0507-1477-5529,가격정보 없음,https://summitseochon.modoo.at,"남/녀 화장실 구분, 예약, 단체 이용 가능, 무선 인터넷",방문자 리뷰 182,블로그 리뷰 8,종로구,경복궁역,,가격정보 없음
프레쉬스터디카페 종로본점,서울 종로구 삼일대로 391 7층,종각역 4번출구에서 376m,0507-1336-9021,가격정보 없음,http://www.instagram.com/fresh_studycafe,"단체 이용 가능, 무선 인터넷, 남/녀 화장실 구분, 예약",방문자 리뷰 385,블로그 리뷰 25,종로구,종각역,별점 4.63,가격정보 없음
마이스터디룸 &카페 노량진점,서울 동작구 만양로14가길 22 2층 마이스터디룸,노량진역 3번출구에서 334m,번호정보 없음,"인원수로금액받습니다1,000원분필.화이트보드.모니터사용 가격동일1,000원1인 1시간 (2인이상)1,000원",https://blog.naver.com/mystudy_roomcafe,"예약, 무선 인터넷, 남/녀 화장실 구분, 단체 이용 가능",방문자 리뷰 280,블로그 리뷰 59,동작구,노량진역,별점 4.67,"2인 이상 - 1시간 1,000원"
하루스터디룸&카페 노량진점,서울 동작구 만양로18길 14 지하1층,노량진역 3번출구에서 295m,0507-1456-8323,"기본 1인 1시간 (2인 이상 이용시)1,000원최소인원 초과시, 1시간당 1인추가1,000원1번룸(최소4인-최대8인)4,000~8,000원2번룸(최소4인-최대8인)4,000~8,000원3번룸(최소4인-최대8인)4,000~8,000원4번룸(최소4인-최대8인)4,000~8,000원5번룸(최소2인-최대4인)2,000~4,000원6번룸(최소2인-최대4인)2,000~4,000원7번룸(최소3인-최대7인)3,000~7,000원8번룸(최소2인-최대5인)2,000~5,000원",https://blog.naver.com/study_haru,"단체 이용 가능, 예약, 무선 인터넷, 남/녀 화장실 구분",방문자 리뷰 290,블로그 리뷰 20,동작구,노량진역,별점 4.92,"4인 - 1시간 1,000원, 5인 - 1시간 2,000원, 6인 - 1시간 3,000원, 7인 - 1시간 4,000원, 8인 - 1시간 5,000원,
4인 - 1시간 1,000원, 5인 - 1시간 2,000원, 6인 - 1시간 3,000원, 7인 - 1시간 4,"
삼삼오오스터디룸,서울 동작구 만양로14가길 32 지하1층,노량진역 3번출구에서 288m,0507-1401-3465,"기준 인원 이상 이용 시 1인 1시간1,000원야간 22시-08시 룸 상관없이 인당1,000원2호실 최소1인-3인 칠판100cm1,000~3,000원4호실 최소2인-4인 칠판120cm2,000~4,000원11호실 최소2인-4인 칠판120cm2,000~4,000원3호실 최소2인-4인 칠판150cm2,000~4,000원6호실 최소4인-6인 칠판150cm4,000~6,000원7호실 최소4인-6인 칠판150cm4,000~6,000원8호실 최소4인-6인 칠판150cm4,000~6,000원9호실 최소5인-7인 칠판180cm5,000~7,000원",URL정보 없음,"단체 이용 가능, 예약, 무선 인터넷, 남/녀 화장실 구분",방문자 리뷰 42,블로그 리뷰 15,동작구,노량진역,,"1인 - 1시간 1,000원, 2인 - 1시간 1,000원, 3인 - 1시간 1,000원, 4인 - 1시간 2,000원, 5인 - 1시간 2,000원, 6인 - 1시간 4,000원, 7인 - 1시간 5,000원"
오라스터디룸,서울 동작구 노량진로 140 B114호,노량진역 3-1번 출구에서 79m,0507-1349-9050,"4인실2,000~2,800원5인실3,000~7,000원6인실4,000~8,400원",https://blog.naver.com/ohrastudyroom/223247401386,"예약, 남/녀 화장실 구분, 무선 인터넷, 주차",방문자 리뷰 9,블로그 리뷰 12,동작구,노량진역,,"4인실 - 1시간 1,000원~1,400원, 5인실 - 1시간 1,500원~3,500원, 6인실 - 1시간 2,000원~4,200원"
컨센터블 스터디룸&카페 혜림재,서울 동작구 만양로14바길 24 1층,노량진역 3번출구에서 617m,번호정보 없음,"*무료체험권(7시간)무료[연말 50% 할인] 1시간 연속750원[연말 50% 할인] 3시간 연속1,250원[연말 50% 할인] 6시간 연속2,250원[연말 50% 할인] 12시간 연속4,000원[연말 50% 할인] 50시간권19,500원50시간 충전권 (전용석 이용자)10,000원[연말 50% 할인] 100시간권34,500원[연말 50% 할인] 400시간권69,500원충전권 유효기간 1개월 연장권10,000원",https://concentable.notion.site/67d9daaa140441f38e658e80c359b822?pvs=4,"단체 이용 가능, 예약, 남/녀 화장실 구분, 무선 인터넷",방문자 리뷰 654,블로그 리뷰 15,동작구,노량진역,,"무료체험권 - 7시간 무료, 1시간 750원, 3시간 1,250원, 6시간 2,250원, 12시간 4,000원"
올패스 스터디룸 노량진점,서울 동작구 만양로18길 15 올패스 스터디룸,노량진역 3번출구에서 304m,번호정보 없음,시즌에 따라 기준인원 변동변동1인 30분 기준400원,https://blog.naver.com/hapgyeoksr,"단체 이용 가능, 무선 인터넷, 남/녀 화장실 구분, 예약",방문자 리뷰 420,블로그 리뷰 33,동작구,노량진역,별점 4.88,가격정보 없음
오름 스터디룸,서울 동작구 장승배기로28길 26 지하1층,노량진역 3-1번 출구에서 163m,0507-1480-5352,가격정보 없음,URL정보 없음,"예약, 무선 인터넷, 남/녀 화장실 구분, 단체 이용 가능, 대기공간",방문자 리뷰 6,블로그 리뷰 2,동작구,노량진역,,가격정보 없음
괜찮은 스터디룸,서울 동작구 만양로18길 19 지하1층,노량진역 3번출구에서 342m,0507-1399-7419,1인-4인(1인당 30분)500원5-10인(1인당 30시간)500~700원,URL정보 없음,"단체 이용 가능, 예약, 무선 인터넷",방문자 리뷰 70,블로그 리뷰 2,동작구,노량진역,,"4인 - 1시간 1,000원, 5인 - 1시간 1,000원~1,400원, 10인 - 1시간 1,000원~1,400원"
컨센터블 스터디룸&카페 수림당,서울 동작구 만양로14사길 1,노들역 1번출구에서 469m,번호정보 없음,"좌석 무료체험 7시간무료[오픈 50% 할인] 1시간 연속750원[오픈 50% 할인] 3시간 연속1,500원[오픈 50% 할인] 6시간 연속2,500원[오픈 50% 할인] 12시간 연속4,500원[오픈 50% 할인] 50시간권24,500원[오픈 50% 할인] 100시간권44,500원[오픈 50% 할인] 400시간권84,500원[오픈 50% 할인] 일 3시간 4주19,500원[오픈 50% 할인]일 12시간 1주24,500원",https://concentable.notion.site/149810b868c3805f81afcaaaf57a5783?pvs=4,"단체 이용 가능, 예약, 무선 인터넷, 남/녀 화장실 구분, 노키즈존",방문자 리뷰 76,블로그 리뷰 1,동작구,노들역,,"좌석 - 1시간 750원, 3시간 1,500원, 6시간 2,500원, 12시간 4,500원"
특별 스터디카페 & 스터디룸,"서울 동작구 노량진로 206 백명트렌디타워 6층, 7층",노들역 1번출구에서 316m,0507-1349-2060,"[7층] 당일권-2시간3,000원[7층] 당일권-4시간5,000원[7층] 당일권-6시간7,000원[7층] 당일권-9시간9,000원[7층] 당일권-12시간11,000원[7층] 시간권-50시간60,000원[7층] 시간권-100시간110,000원[7층] 기간권-1주(7일)50,000원[7층] 기간권-2주(14일)80,000원[7층] 기간권-4주(28일)140,000원",https://blog.naver.com/allinpass2060,"예약, 단체 이용 가능, 남/녀 화장실 구분, 무선 인터넷, 주차, 포장",방문자 리뷰 71,블로그 리뷰 57,동작구,노들역,별점 4.82,"7층 - 2시간 3,000원, 7층 - 4시간 5,000원, 7층 - 6시간 7,000원, 7층 - 9시간 9,000원, 7층 - 12시간 11,000원"
레인보우룸 회의실 스터디룸,서울 영등포구 여의대방로69길 7 충무빌딩 9층,샛강역 2번출구에서 361m,0507-1372-6511,"1인 1시간2,500원",URL정보 없음,"단체 이용 가능, 예약, 무선 인터넷, 남/녀 화장실 구분",방문자 리뷰 39,블로그 리뷰 3,영등포구,샛강역,,"1인 - 1시간 2,500원"
이룸 스터디룸 회의실 여의도점,서울 영등포구 여의대방로65길 10,샛강역 2번출구에서 264m,0507-1387-5399,"1인 1시간당2,500원",https://thisroom.imweb.me/22,"단체 이용 가능, 예약, 무선 인터넷, 주차",,블로그 리뷰 5,영등포구,샛강역,,"1인 - 1시간 2,500원, 2시간 5,000원, 4시간 10,000원, 6시간 15,000원"
더탑 스터디룸회의실,서울 영등포구 여의대방로65길 10 여의도 유니온타워 406호,샛강역 2번출구에서 272m,번호정보 없음,"1~4인10,000원5~6인15,000원7인~10인경우 1시간 1인2,500원",https://blog.naver.com/thetopstudycafe,단체 이용 가능,방문자 리뷰 1,블로그 리뷰 7,영등포구,샛강역,,"4인실 - 1시간 10,000원, 5인실 - 1시간 15,000원, 6인실 - 1시간 15,000원, 7인실 - 1시간 2,500원, 8인실 - 1시간 2,500원, 9인실 - 1시간 2,500원, 10인실 - 1시간 2,500원"
조이스터디룸,서울 동작구 만양로18길 15 2층,노량진역 3번출구에서 300m,번호정보 없음,가격정보 없음,URL정보 없음,비고 없음,,블로그 리뷰 4,동작구,노량진역,,가격정보 없음
더탑스터디룸,서울 영등포구 의사당대로1길 25 여의도 하남빌딩 2층 221호,샛강역 2번출구에서 364m,번호정보 없음,"1~4인 1시간10,000원5인 1시간12,500원6인 1시간15,000원10인 이상 1시간25,000원현금가 따로 문의2,000원",https://blog.naver.com/thetopstudycafe,"단체 이용 가능, 예약, 무선 인터넷, 남/녀 화장실 구분",방문자 리뷰 19,블로그 리뷰 22,영등포구,샛강역,별점 4.5,"1~4인 - 1시간 10,000원, 5인 - 1시간 12,500원, 6인 - 1시간 15,000원, 10인 이상 - 1시간 25,000원, 현금가 - 2,000원"
랭스터디카페 노량진점,"서울 동작구 노량진로 159 2층, 3층, 4층 랭스터디카페 노량진점",노량진역 2번출구에서 115m,0507-1484-0115,"200시간권200,000원150시간150,000원100시간권100,000원50시간권55,000원아메리카노1,800원레모니카노/라이미카노3,300원자모니카노3,500원1시간권2,000원2시간권3,500원3시간권4,500원",http://langstudycafenrj.modoo.at,"단체 이용 가능, 무선 인터넷, 남/녀 화장실 구분",방문자 리뷰 450,블로그 리뷰 84,동작구,노량진역,별점 4.86,가격정보 없음
작심스터디카페 노량진3호점,서울 동작구 노량진로8길 55 2층,노량진역 6번출구에서 229m,0507-1482-0920,"4인 스터디룸ㅣ회의실(1시간)3,000원일일 이용권(2시간)4,000원일일 이용권(4시간)6,000원일일 이용권(8시간)8,000원일일 이용권(12시간)10,000원30시간 자유석 이용권(20일)40,000원50시간 자유석 이용권(30일)70,000원200시간 자유석 이용권(45일)100,000원200시간 자유석 이용권(90일)120,000원400시간 자유석 이용권(120일)160,000원",https://www.zaksim.co.kr/,"예약, 무선 인터넷",방문자 리뷰 178,블로그 리뷰 33,동작구,노량진역,별점 4.48,"4인실 - 1시간 3,000원, 4인실 - 2시간 4,000원, 4인실 - 4시간 6,000원, 4인실 - 8시간 8,000원, 4인실 - 12시간 10,000원"
더공간스터디카페 노량진2호점,서울 동작구 노량진로 144 3층 더공간스터디카페 노량진2호점,노량진역 3-1번 출구에서 21m,번호정보 없음,"프리미엄 정기권(고정)-할인쿠폰적용시220,000원정기권(4주권)-할인쿠폰적용시140,000원정기권(3주권)-할인쿠폰적용시110,000원정기권(2주권)-할인쿠폰적용시80,000원정기권(1주권)-할인쿠폰적용시50,000원시간권(200시간)-할인쿠폰적용시200,000원시간권(100시간)-할인쿠폰적용시110,000원시간권(50시간)-할인쿠폰적용시50,000원STUDY ROOM 1(2~4인)5,000원2시간권(음료무료제공)4,000원",http://thespace07.modoo.at,"단체 이용 가능, 예약, 무선 인터넷, 남/녀 화장실 구분",방문자 리뷰 160,블로그 리뷰 28,동작구,노량진역,별점 4.42,"2~4인 - 2시간 5,000원"
위넌스터디카페 노량진점,서울 동작구 노량진로 178 지하1층,노량진역 3번출구에서 310m,번호정보 없음,"신년맞이정액시간권50시간(30일)50,000원신년맞이정액시간권100시간(60일)70,000원신년맞이정액시간권200시간(90일)105,000원신년맞이4주권(사물함1달or2일)증정129,000원(Study Zone) 정기권 1주40,000원(Study Zone) 정기권 2주75,000원(Study Zone) 2시간3,500원(Study Zone) 4시간5,000원(Study Zone) 6시간6,500원(Study Zone) 8시간8,000원",http://winnen.co.kr,"무선 인터넷, 남/녀 화장실 구분",방문자 리뷰 80,블로그 리뷰 25,동작구,노량진역,별점 4.48,"Study Zone - 2시간 3,500원, Study Zone - 4시간 5,000원, Study Zone - 6시간 6,500원, Study Zone - 8시간 8,000원"
베어스터디카페,서울 동작구 만양로14사길 5 1F~B1,노들역 1번출구에서 522m,050-7879-9981,"4주권(할인상품)120,000원100시간권(할인상품)80,000원150시간권(할인상품)120,000원200시간권(할인상품)170,000원고정석(할인상품)140,000원",URL정보 없음,"무선 인터넷, 예약, 남/녀 화장실 구분",방문자 리뷰 13,블로그 리뷰 7,동작구,노들역,,가격정보 없음
썬스터디카페 대방점,서울 동작구 등용로 122 의당빌딩 4층,대방역 2번출구에서 529m,번호정보 없음,"일일시간권 2시간3,000원일일시간권 3시간4,000원일일시간권 4시간5,000원일일시간권 6시간7,000원일일시간권 9시간9,000원일일시간권 12시간10,000원50시간 충전권(유효기간 12주)55,000원100시간 충전권(유효기간 24주)100,000원200시간 충전권(유효기간 36주)180,000원일반석 1주 이용권(7일)40,000원",https://www.instagram.com/sunstudycafe,"단체 이용 가능, 예약, 무선 인터넷, 남/녀 화장실 구분",방문자 리뷰 108,블로그 리뷰 24,동작구,대방역,별점 4.69,가격정보 없음
르하임스터디카페 상도점,서울 동작구 장승배기로 98,장승배기역 6번출구에서 84m,번호정보 없음,"1회 시간권 (2시간)3,000원1회 시간권 (4시간)6,000원1회 시간권 (6시간)7,000원1회 시간권 (9시간)9,000원1회 시간권 (12시간)11,000원2주 기간권 (14일)90,000원4주 기간권 (28일)130,000원50시간 정액권70,000원100시간 정액권120,000원200시간 정액권220,000원",http://르하임.com,"단체 이용 가능, 무선 인터넷, 남/녀 화장실 구분",방문자 리뷰 78,블로그 리뷰 11,동작구,장승배기역,별점 4.95,가격정보 없음
르하임스터디카페 여의도점,서울 영등포구 여의대방로 375 8층,샛강역 2번출구에서 199m,번호정보 없음,"1회 시간권 (2시간)4,000원1회 시간권 (4시간)7,000원1회 시간권 (6시간)9,000원1회 시간권 (9시간)12,000원1회 시간권 (12시간)14,000원2주 기간권 (14일)100,000원4주 기간권 (28일)160,000원50시간 정액권(유효기간1년)90,000원100시간 정액권(유효기간1년)160,000원200시간 정액권(유효기간1년)300,000원",http://르하임.com,"단체 이용 가능, 무선 인터넷, 남/녀 화장실 구분, 예약, 주차",방문자 리뷰 208,블로그 리뷰 53,영등포구,샛강역,별점 4.78,가격정보 없음
잇츠리얼타임 독서실 스터디카페,서울 동작구 노량진로 140 메가스터디타워 5층,노량진역 3-1번 출구에서 105m,1588-4710,"자유석 30일270,000원지정석 30일290,000원일일권(07~24시)14,000원저녁권(18~24시)6,000원스터디룸(1인)1,000원",https://blog.naver.com/megacs12,"단체 이용 가능, 무선 인터넷, 남/녀 화장실 구분, 예약, 노키즈존",방문자 리뷰 1,블로그 리뷰 676,동작구,노량진역,별점 4.65,"1인 - 1시간 1,000원"
하우스터디 스터디카페 노량진센터,"서울 동작구 만양로14나길 15 B1층, 1층, 2층, 3층, 4층",노량진역 3번출구에서 431m,0507-1419-1922,가격정보 없음,URL정보 없음,"남/녀 화장실 구분, 무선 인터넷",방문자 리뷰 105,블로그 리뷰 14,동작구,노량진역,,가격정보 없음
더블에스 관리형 스터디카페 노량진점,서울 동작구 장승배기로30길 6-5 지하1층,노량진역 3-1번 출구에서 116m,0507-1353-6597,"스터디룸 (시간당)4,000원안마기 힐링존 (시간당)1,000원인쇄,복사,스캔 (종이, 칼라 무료)무료스타벅스 커피무료모닝빵무료",http://pf.kakao.com/_jBqPG/chat,"예약, 무선 인터넷, 남/녀 화장실 구분, 대기공간, 간편결제",방문자 리뷰 26,블로그 리뷰 11,동작구,노량진역,,"4인 - 1시간 4,000원, 안마기 힐링존 - 1시간 1,000원"
제일 스터디 카페,서울 동작구 노량진로14길 33,노량진역 3번출구에서 197m,02-823-1400,가격정보 없음,https://blog.naver.com/bomnalflocafe,"예약, 단체 이용 가능, 포장, 무선 인터넷, 남/녀 화장실 구분",방문자 리뷰 40,블로그 리뷰 6,동작구,노량진역,별점 4.47,가격정보 없음
초월스터디카페 상도점,서울 동작구 상도로 204 지하1층 초월스터디카페 상도점,장승배기역 1번출구에서 142m,번호정보 없음,"(당일권) 2시간3,000원(당일권) 4시간5,000원(당일권) 6시간6,000원(당일권) 9시간8,000원(당일권) 12시간10,000원(당일권) 연장 1시간2,000원(당일권) 연장 2시간3,000원(시간권) 50시간70,000원(시간권) 100시간120,000원(시간권) 150시간170,000원",https://chowolsd.modoo.at/,"단체 이용 가능, 남/녀 화장실 구분, 무선 인터넷, 주차",방문자 리뷰 7,블로그 리뷰 5,동작구,장승배기역,,가격정보 없음
올탑스터디카페 노량진점,"서울 동작구 장승배기로 170 3층, 4층",노량진역 4번출구에서 74m,0507-1480-3959,가격정보 없음,https://blog.naver.com/alltop_noryangjin,비고 없음,,블로그 리뷰 3,동작구,노량진역,,가격정보 없음
더탑스터디카페,서울 영등포구 국제금융로 78 3층 305호,샛강역 2번출구에서 547m,번호정보 없음,"1시간2,500원2시간4,000원4시간7,000원6시간9,000원10시간12,000원12시간14,000원50시간 정액제90,000원100시간 정액제150,000원4주 정기권160,000원",https://blog.naver.com/thetopstudycafe,비고 없음,방문자 리뷰 9,블로그 리뷰 29,영등포구,샛강역,,가격정보 없음
르하임스터디카페 석촌헬리오시티점,서울 송파구 가락로 94-8 4층,송파역 4번출구에서 574m,번호정보 없음,"1회 시간권 (2시간)3,000원1회 시간권 (4시간)5,000원1회 시간권 (6시간)6,000원1회 시간권 (9시간)8,000원1회 시간권 (12시간)10,000원2주 기간권 (14일)80,000원4주 기간권 (28일)140,000원8주 기간권 (56일)270,000원12주 기간권 (84일)390,000원50시간 정액권70,000원",https://blog.naver.com/songpa70,"단체 이용 가능, 무선 인터넷, 남/녀 화장실 구분, 예약, 주차",방문자 리뷰 156,블로그 리뷰 40,송파구,송파역,별점 4.96,가격정보 없음
이감24스터디카페,서울 송파구 송파대로 389,송파역 4번출구에서 351m,02-421-2111,"스터디룸 1시간(2-3인실)5,000원스터디룸 1시간(1-2인실)3,000원스터디룸 1시간(4-7인실)8,000원",https://blog.naver.com/chungdahm24,"단체 이용 가능, 남/녀 화장실 구분, 무선 인터넷, 예약",방문자 리뷰 19,,송파구,송파역,별점 4.54,"2-3인 - 1시간 5,000원, 1-2인 - 1시간 3,000원, 4-7인 - 1시간 8,000원"
모순도순 워크룸,서울 송파구 가락로23길 16 1층 1호,석촌역 3번출구에서 513m,0507-1419-8247,가격정보 없음,https://www.mosoondosoon.work,주차,방문자 리뷰 1,블로그 리뷰 1,송파구,석촌역,,가격정보 없음
르하임스터디카페 송파점,서울 송파구 가락로 209 사이언스빌딩 3층,송파나루역 4번출구에서 515m,0507-1334-7115,"[기간권] 자유석 2주95,000원[기간권] 자유석 4주150,000원[기간권] 자유석 8주290,000원[기간권] 자유석 12주420,000원[기간권] 지정석 4주190,000원[정액권] 50시간(180일)80,000원[정액권] 100시간(180일)140,000원[정액권] 200시간(365일)260,000원[당일권] 4시간7,000원[당일권] 6시간8,000원",http://pf.kakao.com/_xnydHj,"단체 이용 가능, 무선 인터넷, 남/녀 화장실 구분, 주차, 예약",방문자 리뷰 357,블로그 리뷰 67,송파구,송파나루역,별점 4.8,가격정보 없음
업스터디룸,서울 송파구 위례성대로18길 31-14 5층,방이역 4번출구에서 70m,0507-1413-7076,가격정보 없음,https://s.solo.pickko.net/CJPkUiZFGJewlWawjkOYj,"단체 이용 가능, 예약, 무선 인터넷, 대기공간",,,송파구,방이역,,가격정보 없음
로고스스터디룸,서울 송파구 백제고분로27길 40 지하1층,석촌고분역 1번출구에서 651m,0507-1415-2455,"스터디룸1 (1시간)15,000원스터디룸1 (2시간)30,000원스터디룸1 (3시간)45,000원스터디룸1 (4시간)60,000원스터디룸2 (1시간)18,000원스터디룸2 (2시간)36,000원스터디룸2 (3시간)54,000원스터디룸2 (4시간)72,000원스터디룸3 (1시간)20,000원스터디룸3 (2시간)40,000원",URL정보 없음,"주차, 무선 인터넷, 단체 이용 가능",방문자 리뷰 3,,송파구,석촌고분역,,"스터디룸1 - 1시간 15,000원, 스터디룸1 - 2시간 30,000원, 스터디룸1 - 3시간 45,000원, 스터디룸1 - 4시간 60,000원, 스터디룸2 - 1시간 18,000원, 스터디룸2 - 2시간 36,000원, 스터디룸2 - 3시간 54,000원, 스터"
토즈스터디센터 가락1센터,서울 송파구 오금로36길 64 3~4층,경찰병원역 1번출구에서 541m,02-409-0982,"1개월/일반석180,000원1개월/독립석(성인)220,000원1일14,000원5일_1개월내사용65,000원10일_1개월내사용120,000원15일_2개월내사용165,000원20일_2개월내사용200,000원50일_5개월내사용450,000원100일_10개월내사용800,000원1주77,000원",https://blog.naver.com/tozkarak1,"예약, 주차, 무선 인터넷, 남/녀 화장실 구분",방문자 리뷰 20,블로그 리뷰 43,송파구,경찰병원역,,가격정보 없음
공간샘스터디카페 송파석촌역점,서울 송파구 백제고분로41길 7-15 1~6층,석촌역 2번출구에서 217m,번호정보 없음,"[1회권] 2시간4,000원[1회권] 4시간7,000원[1회권] 8시간11,000원[1회권] 12시간14,000원[1회권] 18시간17,000원[정액권] 15시간26,000원[정액권] 25시간39,000원[정액권] 55시간85,000원[정액권] 100시간140,000원[정액권] 200시간230,000원",http://pf.kakao.com/_xgrFas,"단체 이용 가능, 예약, 무선 인터넷",방문자 리뷰 84,블로그 리뷰 51,송파구,석촌역,,가격정보 없음
감성스터디카페 석촌역점,서울 송파구 백제고분로41길 8 4층 401호 감성스터디카페,석촌역 2번출구에서 239m,0507-1447-0996,"당일1시간(커피,음료 무료제공)3,000원당일 2시간4,000원당일 4시간7,000원당일 6시간8,000원당일 12시간12,000원2주 정기권80,000원4주 정기권140,000원50시간(정기권 3개월)60,000원100시간권(정기권 3개월)100,000원150시간권(정기권 3개월)140,000원",https://gamsungstudy.modoo.at,"무선 인터넷, 남/녀 화장실 구분",방문자 리뷰 107,블로그 리뷰 54,송파구,석촌역,,"0인 - 1시간 3,000원, 2시간 4,000원, 4시간 7,000원, 6시간 8,000원, 12시간 12,000원"
로하스터디카페 송파문정점,서울 송파구 중대로 24 아카데미상가 4층,역정보 없음,0507-1344-6010,"당일권 2시간5,000원당일권 4시간8,000원당일권 6시간10,000원당일권 9시간12,000원당일권 12시간15,000원스터디룸 2시간16,000원자유석 시간권 50시간90,000원자유석 시간권 100시간160,000원자유석 기간권 2주120,000원자유석 기간권 4주170,000원",https://blog.naver.com/lohastudycafe,"남/녀 화장실 구분, 주차, 무선 인터넷, 예약",방문자 리뷰 276,블로그 리뷰 59,송파구,,,"당일권 - 2시간 5,000원, 당일권 - 4시간 8,000원, 당일권 - 6시간 10,000원, 당일권 - 9시간 12,000원, 당일권 - 12시간 15,000원, 스터디룸 - 2시간 16,000원"
하이컴 스터디카페 방이점,서울 송파구 마천로 2 2층,방이역 3번출구에서 463m,번호정보 없음,"2시간4,000원4시간6,000원6시간8,000원8시간10,000원12시간12,000원20시간(4주)30,000원50시간(8주)65,000원100시간(12주)110,000원200시간(24주)210,000원400시간(48주)340,000원",https://blog.naver.com/hicomecafe,"무선 인터넷, 남/녀 화장실 구분, 예약, 간편결제, 주차",방문자 리뷰 23,블로그 리뷰 67,송파구,방이역,,"4인실 - 1시간 2,000원, 4인실 - 1시간 1,500원, 4인실 - 1시간 1,333원, 4인실 - 1시간 1,250원, 4인실 - 1시간 1,000원"
스터디카페36.5 석촌고분역센터,서울 송파구 백제고분로 263 2층,석촌고분역 1번출구에서 85m,0507-1369-3650,"2시간5,000원3시간7,000원4시간(이후 시간당 1,000원 추가)8,000원12시간16,000원50시간권[유효기간 1년]90,000원100시간권[유효기간 1년]160,000원150시간권[유효기간 1년]220,000원200시간권[유효기간 1년]270,000원2주기간권[14일]120,000원3주기간권[21일]150,000원",http://pf.kakao.com/_xjqxiEK,"무선 인터넷, 남/녀 화장실 구분",방문자 리뷰 100,블로그 리뷰 6,송파구,석촌고분역,별점 4.71,가격정보 없음
작심스터디카페 서울방이역점,서울 송파구 마천로5길 6 B1,방이역 1번출구에서 50m,02-408-0910,"일일권 2시간3,000원일일권 4시간5,000원일일권 6시간 7,000원일일권 9시간9,000원일일권 12시간10,000원시간권 50시간(1개월)80,000원시간권 100시간(2개월)130,000원시간권 150시간(3개월)190,000원시간권 200시간(4개월)240,000원정기권 1주(7일)50,000원",http://pf.kakao.com/_HXBFxb,"단체 이용 가능, 무선 인터넷",방문자 리뷰 63,블로그 리뷰 11,송파구,방이역,별점 4.56,가격정보 없음
앤딩스터디카페 오금점,서울 송파구 오금로35길 42 다우빌딩 2층,방이역 2번출구에서 450m,0507-1407-4977,가격정보 없음,https://www.instagram.com/andingstudy_ogold,"남/녀 화장실 구분, 무선 인터넷, 단체 이용 가능, 예약, 간편결제",방문자 리뷰 38,블로그 리뷰 62,송파구,방이역,,가격정보 없음
스터디카페 ON24 문정로데오점,서울 송파구 송이로32길 6 5층,문정역 2번출구에서 720m,번호정보 없음,"2주이용권85,000원4주이용권145,000원50시간75,000원100시간135,000원150시간170,000원200시간200,000원1시간1,700원2시간3,400원4시간6,800원6시간9,000원",https://on24moonjung.modoo.at,"주차, 예약",방문자 리뷰 142,블로그 리뷰 10,송파구,문정역,별점 4.36,"0인실 - 1시간 1,700원, 0인실 - 2시간 3,400원, 0인실 - 4시간 6,800원, 0인실 - 6시간 9,000원"
워크온스터디카페 문정점,서울 송파구 동남로 126 4층,경찰병원역 4번출구에서 643m,0507-1444-2625,가격정보 없음,http://pf.kakao.com/_gaBLG/chat,"예약, 무선 인터넷, 남/녀 화장실 구분, 노키즈존, 간편결제, 주차",방문자 리뷰 103,블로그 리뷰 23,송파구,경찰병원역,,가격정보 없음
라곰스터디카페 문정점,서울 송파구 동남로 147 수동빌딩 3층,경찰병원역 4번출구에서 538m,02-400-2604,가격정보 없음,https://blog.naver.com/lagomstudy,"무선 인터넷, 남/녀 화장실 구분, 단체 이용 가능",,블로그 리뷰 3,송파구,경찰병원역,,가격정보 없음
스터디룸 채움 숙대입구점,서울 용산구 청파로 271 스터디룸채움 숙대입구점,숙대입구역 8번출구에서 194m,번호정보 없음,"새벽(0~8시)/인당1,500원평일/오전오후(8~18시)/인당2,000원평일저녁(18~24시)/주말/인당2,500원최소4인기준입니다무료",https://www.spacecloud.kr/space/32428,"단체 이용 가능, 무선 인터넷, 예약",방문자 리뷰 2,블로그 리뷰 7,용산구,숙대입구역,,"4인실 - 1시간 1,500원~2,500원, 주중 - 1시간 1,500원~2,000원, 주말 - 1시간 2,500원"
회의실 스터디룸 공간토브 공덕점 단독룸,서울 마포구 백범로 199 메트로디오빌 309호,공덕역 6번출구에서 23m,0507-1400-8584,"(오픈특가) 1시간 (4인기준)10,000원",https://www.instagram.com/tov_place/,"무선 인터넷, 남/녀 화장실 구분, 단체 이용 가능, 예약, 주차",방문자 리뷰 5,,마포구,공덕역,,"4인 - 1시간 10,000원"
엔와이 스페이스,서울 용산구 새창로 93 금강빌딩 301호,효창공원앞역 6번출구에서 257m,0507-1365-1562,"엔와이스페이스 회의실(평일,1시간당)14,500원엔와이스페이스 회의실(주말,1시간당)19,500원빅씨네 극장(1시간당, 3시간기본)19,800원화상회의용 HD웹캠 및 마이크 스피커무료이동식 화이트보드무료55인치 4K 스마트 TV무료",https://www.spacecloud.kr/host/1672312641,"단체 이용 가능, 예약, 무선 인터넷, 간편결제, 주차",방문자 리뷰 3,블로그 리뷰 4,용산구,효창공원앞역,,"엔와이스페이스 회의실 - 주중 - 1시간 14,500원, 엔와이스페이스 회의실 - 주말/공휴일 - 1시간 19,500원, 빅씨네 극장 - 1시간 19,800원"
어라운드스터디카페 숙대점,서울 용산구 청파로47가길 9-4 지층,숙대입구역 9번출구에서 531m,번호정보 없음,"50시간 정액권70,000원100시간 정액권120,000원6시간6,000원8시간8,000원10시간10,000원4주 정기권120,000원스터디룸(1시간)9,000원사물함 대여(4주)10,000원",http://aroundstudycafesook.modoo.at,"단체 이용 가능, 예약, 무선 인터넷",방문자 리뷰 46,블로그 리뷰 25,용산구,숙대입구역,,"0인실 - 1시간 9,000원"
숙대 블라썸 스터디카페,"서울 용산구 청파로47길 66 4층, 5층 블라썸 스터디카페 숙대점",숙대입구역 10번출구에서 519m,0507-1393-5223,"정액시간권- 100시간 (1년)140,000원기간권- 4주 (28일)150,000원고정석- 4주 (23->19만원)190,000원기간권- 2주 (14일)90,000원기간권- 8주 (56일)270,000원기간권- 12주 (84일)390,000원정액시간권- 50시간 (1년)80,000원정액시간권- 200시간 (1년)260,000원정액시간권- 300시간(1년)360,000원당일권- 2시간4,000원",http://pf.kakao.com/_awndK/chat,"단체 이용 가능, 무선 인터넷, 남/녀 화장실 구분, 예약, 간편결제",방문자 리뷰 244,블로그 리뷰 17,용산구,숙대입구역,별점 4.76,가격정보 없음
인큐빈스터디카페 숙대점,서울 용산구 청파로47나길 7 청파프라자 2층,숙대입구역 9번출구에서 505m,번호정보 없음,"스터디룸 1시간8,000원스터디룸 2시간(1인~2인)12,000원스터디룸 2시간(3인~6인)16,000원기간권 2주권90,000원기간권 4주권150,000원기간권 8주권270,000원기간권 12주권390,000원시간패키지 50시간80,000원시간패키지 100시간140,000원시간패키지 200시간260,000원",https://blog.naver.com/incubin_0330,"무선 인터넷, 남/녀 화장실 구분, 단체 이용 가능, 예약",방문자 리뷰 113,블로그 리뷰 19,용산구,숙대입구역,,"1인 - 1시간 8,000원, 1인 - 2시간 12,000원, 3인 - 2시간 16,000원"
작심스터디카페 숙대눈송이점,"서울 용산구 청파로47길 7 MG 청파새마을금고빌딩 1F(룸&노트북존), BF",숙대입구역 10번출구에서 224m,02-717-0910,"일회시간권 2시간 [B1F]4,000원일회시간권 3시간 [B1F]5,500원일회시간권 5시간 [B1F]7,000원일회시간권 8시간 [B1F]10,000원일회시간권 10시간 [B1F]12,000원일회시간권 2시간 [1F]4,000원일회시간권 3시간 [1F]5,500원일회시간권 6시간 [1F]8,000원정액권 30시간 (30일) 1F50,000원정액권 50시간(50일)1or B1F90,000원",https://blog.naver.com/zaksim_snowing,"주차, 예약, 남/녀 화장실 구분, 장애인 편의시설, 무선 인터넷",방문자 리뷰 288,블로그 리뷰 99,용산구,숙대입구역,별점 4.94,"B1F - 2시간 4,000원, B1F - 3시간 5,500원, B1F - 5시간 7,000원, B1F - 8시간 10,000원, B1F - 10시간 12,000원, 1F - 2시간 4,000원, 1F - 3시간 5,500원, 1F - 6시간 8,000원"
엘더스터디카페 이촌점,서울 용산구 이촌로 276 지하1층 엘더스터디카페,4 경의중앙 이촌역 3-1번 출구에서 518m,0507-1364-6469,"시간충전권 30시간60,000원시간충전권 50시간90,000원시간충전권 100시간160,000원시간충전권 200시간290,000원기간 이용권 1주70,000원기간 이용권 2주120,000원기간 이용권 4주210,000원스터디룸(2인,시간당)5,000원스터디룸(6인,시간당)10,000원사물함 4주10,000원",https://lderic.modoo.at,"단체 이용 가능, 예약, 무선 인터넷",방문자 리뷰 10,블로그 리뷰 10,용산구,이촌역,,"2인 - 1시간 5,000원, 6인 - 1시간 10,000원"
스터디룸월일 당산2호점,서울 영등포구 당산로 237 304호,당산역 2번출구에서 43m,0507-1348-4830,가격정보 없음,https://youtube.com/channel/UCVNrV_oR0u7jJfkBLgZy5Bg?si=qfuDzf4mzfgsrmFq,"단체 이용 가능, 무선 인터넷, 예약",방문자 리뷰 44,블로그 리뷰 4,영등포구,당산역,,가격정보 없음
스터디룸위드 당산점,"서울 영등포구 양평로 59 5층 502호(당산동5가, 대영빌딩)",당산역 12번출구에서 142m,0507-1478-8256,"1시간 이용금액2,000원30분 이용금액1,000원빔프로젝터(시간당)2,000원아메리카노(illy 캡슐)2,500원",https://blog.naver.com/sweetdangsan,"단체 이용 가능, 예약, 무선 인터넷, 남/녀 화장실 구분",방문자 리뷰 177,블로그 리뷰 35,영등포구,당산역,별점 4.4,"1시간 2,000원, 2시간 4,000원, 3시간 6,000원, 4시간 8,000원"
퀸토 코워킹 공유오피스 스터디룸,서울 영등포구 양평로20길 16-1 1층,선유도역 4번출구에서 264m,0507-1383-2368,"10인 단독 Office 1개월2,300,000원투어 신청(무료)무료",https://blog.naver.com/qwinto,"단체 이용 가능, 무선 인터넷, 예약, 간편결제",방문자 리뷰 5,블로그 리뷰 30,영등포구,선유도역,,"10인 - 1시간 7,692원"
스터디룸 회의실 시너지 영등포구청점,서울 영등포구 당산로30길 1 2층,역정보 없음,0507-1464-1081,"1시간(2시간부터, 최소 5인 이상)2,500원👥️최대 24인 수용 가능한 공간무료🖥 65인치 최신 대형 TV무료☕️커피 & 따뜻한 Tea무료",https://www.instagram.com/boss_hwa,"단체 이용 가능, 예약, 무선 인터넷, 간편결제",방문자 리뷰 41,블로그 리뷰 14,영등포구,,,"5인 - 1시간 2,500원, 24인 - 1시간 2,500원"
도산서재 스터디룸회의실,서울 영등포구 국회대로50길 20 지하 B30호,영등포시장역 2번출구에서 80m,0507-1328-1650,"1시간10,000원",https://dosanseojae.modoo.at,"단체 이용 가능, 무선 인터넷, 예약, 남/녀 화장실 구분",방문자 리뷰 68,블로그 리뷰 26,영등포구,영등포시장역,,"1시간 10,000원"
루브릭 공유오피스 스터디룸,서울 영등포구 양평로20길 16-1 지하1층,선유도역 4번출구에서 264m,0507-1301-6935,가격정보 없음,URL정보 없음,"단체 이용 가능, 예약",방문자 리뷰 12,블로그 리뷰 44,영등포구,선유도역,,가격정보 없음
구구스터디룸,서울 마포구 양화진길 55 신우빌딩2 3층 307호,역정보 없음,0507-1391-3158,"1시간5,000원",URL정보 없음,"무선 인터넷, 단체 이용 가능, 예약",,,마포구,,,"0인 - 1시간 5,000원"
스터디룸 가치,서울 영등포구 선유로 88 6층 601호,문래역 3번출구에서 626m,0507-1321-5692,"room 1 [4인실] 시간당7,000원room 6 [4인실] 시간당7,000원room 4 [6인실] 시간당9,000원room 5 [6인실] 시간당9,000원room 2 [8인실] 시간당10,000원room 3 [8인실] 시간당10,000원정기권 또는 장기이용변동",https://blog.naver.com/gachi_07,"단체 이용 가능, 예약, 무선 인터넷, 남/녀 화장실 구분",방문자 리뷰 54,블로그 리뷰 9,영등포구,문래역,,"4인실 - 1시간 7,000원, 6인실 - 1시간 9,000원, 8인실 - 1시간 10,000원"
꾸다 공유오피스&스터디룸,서울 영등포구 선유서로 117 월드프라자 601호,양평역 1번출구에서 58m,070-4827-0910,가격정보 없음,http://kkooda.com,"주차, 예약, 무선 인터넷, 남/녀 화장실 구분",방문자 리뷰 1,블로그 리뷰 18,영등포구,양평역,,가격정보 없음
르하임스터디카페 선유도역점,서울 영등포구 양평로 93 양화빌딩 3층,선유도역 5번출구에서 286m,0507-1446-9303,"1회 시간권 (2시간)3,000원1회 시간권 (3시간)4,000원1회 시간권 (4시간)5,000원1회 시간권 (6시간)7,000원1회 시간권 (8시간)9,000원1회 시간권 (10시간)10,000원1회 시간권 (12시간)12,000원7일 기간권50,000원15일 기간권80,000원30일 기간권150,000원",https://blog.naver.com/hyperion_y,"단체 이용 가능, 무선 인터넷, 남/녀 화장실 구분, 예약, 주차",방문자 리뷰 236,블로그 리뷰 52,영등포구,선유도역,별점 4.85,가격정보 없음
쌤 스터디카페 본점,서울 영등포구 영신로57길 1 상가 4층,당산역 9번출구에서 643m,0507-1349-7316,"오픈이벤트 100시간70,000원오픈이벤트 4주80,000원스터디룸(4인실)6,000원",URL정보 없음,"남/녀 화장실 구분, 무선 인터넷, 예약, 단체 이용 가능, 주차",방문자 리뷰 2,블로그 리뷰 5,영등포구,당산역,,"4인실 - 1시간 6,000원"
라온2 스터디룸,서울 마포구 양화로 59 화승리버스텔 4층 402호,합정역 1번출구에서 3m,0507-1313-3626,"[휴일]09~24시 / 시간(인)3,000원[평일]09시~17시 / 시간(인)2,000원[평일 저녁]17시~24시/시간(인)2,500원",https://www.spacecloud.kr/space/44223?keyword_id=353781&type=ad&user_id=1669360382,"단체 이용 가능, 무선 인터넷, 예약, 간편결제",방문자 리뷰 3,블로그 리뷰 20,마포구,합정역,,"주중 - 1시간 2,000원~2,500원, 주말/공휴일 - 1시간 3,000원"
비에이블스터디카페 선유도역센터,"서울 영등포구 양평로24길 12 2층, 3층, 4층",선유도역 1번출구에서 194m,번호정보 없음,가격정보 없음,https://beableseonyudo.modoo.at,"단체 이용 가능, 무선 인터넷, 예약, 남/녀 화장실 구분",방문자 리뷰 11,블로그 리뷰 32,영등포구,선유도역,,가격정보 없음
비에이블스터디카페 신목동센터,서울 양천구 목동동로 435 4층,신목동역 2번출구에서 879m,0507-1471-3400,"1시간2,000원2시간3,500원4시간6,000원6시간8,000원8시간9,500원당일권14,000원스터디룸 2인실4,500원스터디룸 4인실6,000원스터디룸 6인실8,000원50시간권70,000원",https://blog.naver.com/beable5000,"단체 이용 가능, 예약, 무선 인터넷, 남/녀 화장실 구분",방문자 리뷰 6,블로그 리뷰 44,양천구,신목동역,,"2인실 - 1시간 4,500원, 4인실 - 1시간 8,000원"
모임공간 해밀 합정점,서울 마포구 독막로 10 성지빌딩 6층 611호,역정보 없음,0504-1380-4193,"[주말] 00시~24시 / 시간(인)2,500원[평일] 00시~3시 / 시간(인)1,000원[평일] 3시~6시 / 시간(인)1,500원[평일] 06시~18시 / 시간(인)2,000원[평일] 18시~24시 / 시간(인)2,500원",https://www.spacecloud.kr/space/30346,"무선 인터넷, 예약, 단체 이용 가능, 간편결제, 주차",방문자 리뷰 16,블로그 리뷰 2,마포구,,,"주중 - 1시간 1,000원~2,500원, 주말/공휴일 - 1시간 2,500원"
스터디벙커,서울 마포구 포은로 14 수성빌딩 201호,합정역 8번출구에서 371m,070-5014-1732,"주중 요금2,000원주말 요금2,500원",http://sbunkers.com/,"예약, 단체 이용 가능, 무선 인터넷, 남/녀 화장실 구분",방문자 리뷰 2,블로그 리뷰 4,마포구,합정역,,가격정보 없음
비에이블스터디카페 문래센터,서울 영등포구 선유로 59 문래아카데미 8층,문래역 3번출구에서 553m,번호정보 없음,"1시간2,000원2시간3,000원4시간5,000원6시간6,000원8시간8,000원12시간10,000원2인 스터디룸(1시간)4,500원4인~6인 스터디룸(1시간)8,000원50시간권70,000원100시간권130,000원",https://beablestudymullae.modoo.at,"무선 인터넷, 단체 이용 가능, 남/녀 화장실 구분, 주차",방문자 리뷰 23,블로그 리뷰 24,영등포구,문래역,별점 4.71,"1인 - 1시간 2,000원, 2인 - 1시간 4,500원, 4인실 - 1시간 8,000원, 6인실 - 1시간 8,000원"
르하임스터디카페 영등포문래점,서울 영등포구 선유로 50 2층,문래역 3번출구에서 628m,0507-1480-2157,"2시간3,000원4시간5,000원6시간6,000원9시간8,000원12시간10,000원2주 기간권 (14일)80,000원4주 기간권 (28일)130,000원50시간 정액권70,000원100시간 정액권120,000원200시간 정액권220,000원",https://blog.naver.com/marsman1985,"단체 이용 가능, 무선 인터넷",방문자 리뷰 199,블로그 리뷰 85,영등포구,문래역,별점 4.76,가격정보 없음
트라이그라운드 공유오피스 홍대점,"서울 마포구 독막로9길 18 2,3층",합정역 3번출구에서 530m,0507-1427-1450,"[오픈특가] 전 좌석 최대 30%할인변동오픈데스크80,000원1인 데스크264,000원1인룸450,000원2인 팀룸720,000원3인 팀룸899,000원4인 팀룸980,000원5인 팀룸1,275,000원6인 팀룸1,428,000원7인 팀룸1,984,000원",http://tryground.co.kr/space/hongdae,"단체 이용 가능, 무선 인터넷, 남/녀 화장실 구분, 예약, 대기공간, 간편결제",방문자 리뷰 4,블로그 리뷰 41,마포구,합정역,,"1인 - 1시간 80,000원, 1인 - 1시간 264,000원, 2인 - 1시간 450,000원, 3인 - 1시간 720,000원, 4인 - 1시간 899,000원, 5인 - 1시간 980,000원, 6인 - 1시간 1,275,000원, 7인 - 1시간 1"
아자스터디카페,서울 영등포구 선유로9길 10 217호,문래역 1번출구에서 723m,0507-1337-4267,"[당일이용권] 02시간4,000원[당일이용권] 03시간6,000원[당일이용권] 04시간7,000원[당일이용권] 06시간8,000원[당일이용권] 09시간10,000원[당일이용권] 12시간13,000원[시간충전권] 030시간50,000원[시간충전권] 050시간80,000원[시간충전권] 100시간130,000원[시간충전권] 150시간180,000원",https://blog.naver.com/aza_study_cafe,"무선 인터넷, 남/녀 화장실 구분, 주차",방문자 리뷰 53,블로그 리뷰 13,영등포구,문래역,별점 4.32,가격정보 없음
케이스페이스루나,서울 마포구 독막로 10 5층 516호 케이스페이스루나,역정보 없음,번호정보 없음,가격정보 없음,URL정보 없음,"단체 이용 가능, 무선 인터넷, 예약",방문자 리뷰 1,블로그 리뷰 12,마포구,,,가격정보 없음
이루리스터디룸,서울 관악구 신림로 354 동아빌딩 411호,신림역 7번출구에서 131m,0507-1332-5629,가격정보 없음,https://www.spacecloud.kr/space/40833,"단체 이용 가능, 무선 인터넷, 예약",,블로그 리뷰 2,관악구,신림역,,가격정보 없음
플랜 스터디카페&스터디룸,"서울 관악구 쑥고개로 80 3층, 4층",봉천역 1번출구에서 560m,번호정보 없음,가격정보 없음,https://blog.naver.com/dany9576,"남/녀 화장실 구분, 무선 인터넷, 단체 이용 가능",방문자 리뷰 99,블로그 리뷰 11,관악구,봉천역,별점 4.91,가격정보 없음
스페이스액트 스터디카페,서울 관악구 신림로59길 23 삼모스포렉스 12층,역정보 없음,0507-1310-8124,"✏️ 200평대 5개의 스터디 공간변동✏️ 미팅룸(스터디룸) 마일리지 할인변동✏️ 건물 옥외 주차장 4시간 지원변동당일권2시간3,000원당일권4시간5,500원당일권6시간7,900원당일권9시간9,900원당일권12시간11,000원당일권12시간11,000원심야 특가 요금제(밤10시-아침7시)5,900원",https://spaceact.modoo.at,"무선 인터넷, 예약, 단체 이용 가능, 남/녀 화장실 구분, 주차",방문자 리뷰 521,블로그 리뷰 153,관악구,,별점 4.79,가격정보 없음
랭스터디카페 신림점,서울 관악구 신림로 376 2층 랭스터디카페 신림점,당곡역 1번출구에서 251m,02-875-0415,"1시간 이용권1,800원3시간 이용권4,000원6시간 이용권7,500원8시간 이용권11,000원1일권(09:00~익일 09:00)16,000원야간권 (23:00 - 09:00)3,000원30일 무제한 (음료 포함)195,000원15일 무제한 (음료 포함)100,000원30일 무제한 (음료 미포함)165,000원15일 무제한 (음료 미포함)85,000원",https://www.instagram.com/langstudycafe_sillim?igshid=ZDdkNTZiNTM=,"예약, 무선 인터넷, 포장, 남/녀 화장실 구분, 단체 이용 가능",방문자 리뷰 254,블로그 리뷰 110,관악구,당곡역,별점 4.68,가격정보 없음
쑥 스터디카페&스터디룸,서울 관악구 쑥고개로 84 2층 쑥 스터디카페,봉천역 1번출구에서 633m,0507-1414-9600,"단기시간권 - 2시간3,000원단기시간권 - 5시간6,000원단기시간권 - 12시간14,000원단기시간권 - 24시간25,000원시간권 - 50시간 (50일)60,000원시간권 - 100시간 (100일)110,000원시간권 - 200시간 (6개월)180,000원시간권 - 300시간 (10개월)250,000원500시간권400,000원기간권 - 2주 이용권70,000원",https://blog.naver.com/ssukstudy,"남/녀 화장실 구분, 무선 인터넷, 예약, 단체 이용 가능, 간편결제",방문자 리뷰 23,블로그 리뷰 20,관악구,봉천역,,가격정보 없음
예그리나 스터디룸,서울 관악구 호암로24길 57,서울대벤처타운역 2번출구에서 487m,02-883-7315,1인 1시간당(기본)950원,http://blog.naver.com/yegrina663927,비고 없음,방문자 리뷰 4,블로그 리뷰 4,관악구,서울대벤처타운역,,1인 - 1시간 950원
초심스터디카페 신림역점,서울 관악구 신림로 366 8층,신림역 7번출구에서 253m,0507-1410-0366,가격정보 없음,https://chosimstudyslst.modoo.at,"무선 인터넷, 단체 이용 가능, 남/녀 화장실 구분",방문자 리뷰 73,블로그 리뷰 40,관악구,신림역,,가격정보 없음
111스터디카페,서울 관악구 보라매로 8 2층,당곡역 1번출구에서 36m,0507-1345-2113,가격정보 없음,http://pf.kakao.com/_hBdxgb,"남/녀 화장실 구분, 무선 인터넷, 예약",방문자 리뷰 30,블로그 리뷰 5,관악구,당곡역,,가격정보 없음
프레쉬스터디카페 신림점,"서울 관악구 신림로 199 2층, 3층",서원역 2번출구에서 501m,번호정보 없음,가격정보 없음,https://freshstudyshinlim.modoo.at/,"단체 이용 가능, 예약, 무선 인터넷, 남/녀 화장실 구분, 노키즈존, 주차",방문자 리뷰 99,블로그 리뷰 25,관악구,서원역,별점 4.59,가격정보 없음
감성스터디카페 서울대입구점,서울 관악구 쑥고개로 68 3층,봉천역 1번출구에서 490m,번호정보 없음,"2시간(커피,음료 무료제공)3,000원4시간5,000원6사간7,000원8시간9,000원10시간10,000원12시간11,000원2주 정기권70,000원4주 정기권120,000원50시간권60,000원100시간권110,000원",https://gamsungstudycafe15.modoo.at,"단체 이용 가능, 남/녀 화장실 구분, 무선 인터넷, 예약",방문자 리뷰 30,블로그 리뷰 5,관악구,봉천역,,가격정보 없음
어반라이프 스터디카페,서울 동작구 보라매로 91 3층 어반라이프 스터디카페,신대방삼거리역 2번출구에서 261m,070-4151-6415,가격정보 없음,URL정보 없음,"예약, 무선 인터넷, 남/녀 화장실 구분",방문자 리뷰 162,블로그 리뷰 8,동작구,신대방삼거리역,,가격정보 없음
르하임 스터디카페 보라매점,서울 영등포구 여의대방로 89 3층,보라매공원역 2번출구에서 287m,0507-1347-7026,"1회 당일권 (2시간)3,000원1회 당일권 (4시간)5,000원1회 당일권 (6시간)6,000원1회 당일권 (9시간)8,000원1회 당일권 (12시간)10,000원2주 기간권 (14일)80,000원4주 기간권 (28일)140,000원8주 기간권 (56일)250,000원12주 기간권(84일)360,000원50시간 정액권(1년)70,000원",https://blog.naver.com/bsk87626,"단체 이용 가능, 무선 인터넷, 남/녀 화장실 구분",방문자 리뷰 249,블로그 리뷰 22,영등포구,보라매공원역,별점 4.71,가격정보 없음
원더스터디카페,서울 동작구 국사봉1길 11 3층,신대방삼거리역 2번출구에서 154m,0507-1379-1210,"일일권 2시간3,000원일일권 4시간5,000원일일권 6시간6,000원일일권 9시간8,000원일일권 12시간10,000원충전권 10시간11,000원충전권 50시간50,000원충전권 100시간95,000원기간권 2주59,000원기간권 4주109,000원",https://www.gosca.co.kr/,"단체 이용 가능, 예약, 무선 인터넷, 남/녀 화장실 구분, 주차",방문자 리뷰 8,블로그 리뷰 5,동작구,신대방삼거리역,,"2시간 3,000원, 4시간 5,000원, 6시간 6,000원, 9시간 8,000원, 12시간 10,000원"
옵티멈스터디카페 신림대학점,"서울 관악구 신림로15길 31 B1, 2~5층",서울대벤처타운역 2번출구에서 588m,0507-1365-5966,"1회권 (2시간)3,000원1회권 (4시간)5,000원1회권 (6시간)7,000원1회권 (9시간)8,000원1회권 (12시간)10,000원시간권 (50시간)_유효200일70,000원시간권 (100시간)_유효360일120,000원기간권 2주(14일)80,000원기간권 4주(28일)140,000원기간권 8주(56일)260,000원",https://optimumstudycenter.modoo.at,"단체 이용 가능, 예약, 무선 인터넷, 남/녀 화장실 구분",방문자 리뷰 84,블로그 리뷰 8,관악구,서울대벤처타운역,,가격정보 없음
위넌스터디카페 보라매점,서울 동작구 상도로 30 수석빌딩 3F,신대방삼거리역 3번출구에서 265m,0507-1337-5903,"(Study Zone) 1시간2,000원(Study Zone) 2시간3,500원(Study Zone) 3시간4,500원(Study Zone) 4시간6,000원(Study Zone) 6시간8,000원(Study Zone) 8시간10,000원(Study Zone) 정기권 2주80,000원(Study Zone) 정기권 4주140,000원(Study Zone) 정액시간권 50시간70,000원(Study Zone) 정액시간권 100시간130,000원",http://winnen.co.kr,비고 없음,방문자 리뷰 59,블로그 리뷰 22,동작구,신대방삼거리역,,"0인실 - 1시간 2,000원, 0인실 - 2시간 3,500원, 0인실 - 3시간 4,500원, 0인실 - 4시간 6,000원, 0인실 - 6시간 8,000원, 0인실 - 8시간 10,000원"
우리담 워크닉,"서울 관악구 대학10길 36 지하1,1층",서울대벤처타운역 2번출구에서 620m,번호정보 없음,"스터디룸(B1)_오후권5,000원스터디룸(B1)_오전권5,000원스터디룸(B1)_1개월권80,000원스터디룸(B1)_1일권10,000원모임공간(1층)_1시간20,000원",https://hourplace.co.kr/place/49696,"단체 이용 가능, 방문접수/출장, 예약, 무선 인터넷, 남/녀 화장실 구분, 간편결제",,블로그 리뷰 1,관악구,서울대벤처타운역,,가격정보 없음
매일스터디카페 서울대점,"서울 관악구 호암로 602 5, 6층",서울대벤처타운역 2번출구에서 164m,0507-1415-9916,가격정보 없음,http://pf.kakao.com/_NhYuG,"무선 인터넷, 예약, 남/녀 화장실 구분",방문자 리뷰 87,블로그 리뷰 8,관악구,서울대벤처타운역,,가격정보 없음
작심스터디카페 신풍역점,"서울 영등포구 대방천로 191 2, 3, 4층",신풍역 1번출구에서 176m,0507-1336-6098,"자유석 시간권 1시간2,000원자유석 시간권 2시간3,000원자유석 시간권 4시간5,000원자유석 시간권 6시간6,000원자유석 시간권 8시간7,000원자유석 시간권 15시간12,000원자유석-정액권 50시간50,000원자유석-정액권 100시간90,000원자유석-정액권 200시간160,000원자유석 기간권 14일70,000원",https://pf.kakao.com/_xnRyxcxj,"단체 이용 가능, 예약, 남/녀 화장실 구분, 주차",방문자 리뷰 24,블로그 리뷰 4,영등포구,신풍역,,"자유석 - 1시간 2,000원, 자유석 - 2시간 3,000원, 자유석 - 4시간 5,000원, 자유석 - 6시간 6,000원, 자유석 - 8시간 7,000원"
안녕스터디카페,서울 동작구 양녕로 182,상도역 1번출구에서 776m,0507-1368-3646,가격정보 없음,https://blog.naver.com/hello_study,"무선 인터넷, 남/녀 화장실 구분, 예약",방문자 리뷰 70,블로그 리뷰 28,동작구,상도역,,가격정보 없음
비에이블스터디카페 관악성현센터,서울 관악구 양녕로 43 현대엠타운 B01호 비에이블스터디카페 관악성현센터,봉천역 6번출구에서 795m,번호정보 없음,가격정보 없음,http://beableseonghyeon.modoo.at,"예약, 단체 이용 가능, 남/녀 화장실 구분, 무선 인터넷, 주차",방문자 리뷰 44,블로그 리뷰 45,관악구,봉천역,별점 4.68,가격정보 없음
웨이디스터디카페,"서울 관악구 호암로20길 1 미림타운 2,3,4층",서울대벤처타운역 2번출구에서 544m,0507-1344-4584,가격정보 없음,https://www.instagram.com/wayd_studycafe/,"무선 인터넷, 남/녀 화장실 구분",방문자 리뷰 55,블로그 리뷰 18,관악구,서울대벤처타운역,,가격정보 없음
어반트리스터디카페 신대방신길점,서울 영등포구 여의대방로 55 4층,신풍역 1번출구에서 478m,0507-1486-5114,"일회권 1~10시간2,500~11,000원시간패키지 100시간120,000원시간패키지 50시간65,000원기간권 1일 (자유석)13,000원기간권 7일 (자유석)45,000원기간권 2주 (자유석)80,000원기간권 4주 (자유석)120,000원스터디룸 2시간 (2~3인실)10,000원스터디룸 3시간 (2~3인실)14,000원",URL정보 없음,"단체 이용 가능, 무선 인터넷, 남/녀 화장실 구분",방문자 리뷰 31,블로그 리뷰 3,영등포구,신풍역,,"2~3인실 - 2시간 10,000원, 2~3인실 - 3시간 14,000원"
그루스터디룸 구의광장센터,서울 광진구 광나루로54길 38 지층,강변역 1번출구에서 569m,0507-1357-4642,가격정보 없음,https://blog.naver.com/groostudy,비고 없음,방문자 리뷰 17,블로그 리뷰 11,광진구,강변역,,가격정보 없음
토즈스터디센터 광장센터,서울 광진구 광나루로 620 이진빌딩 2층,강변역 1번출구에서 742m,02-3425-3119,가격정보 없음,https://blog.naver.com/potj73,"예약, 주차, 무선 인터넷, 남/녀 화장실 구분",방문자 리뷰 49,블로그 리뷰 83,광진구,강변역,별점 4.34,가격정보 없음
스터디예감 24시간 무인 스터디카페 스터디룸,서울 광진구 자양로 242 지하 1층,아차산역 3번출구에서 491m,0507-1344-1672,가격정보 없음,http://pf.kakao.com/_xblcaG,"무선 인터넷, 남/녀 화장실 구분",방문자 리뷰 69,블로그 리뷰 10,광진구,아차산역,,가격정보 없음
소월스터디카페앤룸 강변점,"서울 광진구 구의강변로 11 자양한양아파트(5~6동사이) 상가동 205호, 207호",강변역 4번출구에서 802m,0507-1331-1924,가격정보 없음,https://www.instagram.com/sowol_gangbyeon,"무선 인터넷, 남/녀 화장실 구분, 단체 이용 가능, 예약, 주차",방문자 리뷰 42,블로그 리뷰 6,광진구,강변역,,가격정보 없음
스터디엔카페독서실 자양센터,서울 광진구 자양로9길 5,구의역 4번출구에서 473m,0507-1334-6683,"사물함 무료무료원데이 5시간7,000원원데이 3시간5,000원원데이 2시간4,000원광장형 (1개월)140,000원오픈룸(1개월)160,000원독립형1인실(1개월)190,000원몰입형1인실(1개월)210,000원1일권 (광장형,오픈룸)10,000원1일권 (독립형 1인실)11,000원",https://blog.naver.com/viki1199,"예약, 무선 인터넷, 남/녀 화장실 구분",방문자 리뷰 68,블로그 리뷰 1,광진구,구의역,별점 4.47,"1인 - 1시간 1,400원, 2시간 2,000원, 3시간 1,667원, 5시간 1,400원"
랭스터디카페 건대점,서울 광진구 아차산로34길 26 2층 랭스터디카페 건대점,건대입구역 5번출구에서 214m,0507-1426-7101,"60시간 (유효1개월)70,000원무제한 15일(음료미포함)77,000원무제한 30일(음료미포함)145,000원아메리카노2,000원1시간권2,000원2시간권3,500원3시간권4,500원4시간권6,000원8시간권10,000원1일권13,000원",URL정보 없음,"무선 인터넷, 남/녀 화장실 구분, 포장, 예약",방문자 리뷰 250,블로그 리뷰 178,광진구,건대입구역,별점 4.43,가격정보 없음
건대파티룸 파티앤스터디 건대,서울 광진구 능동로 139 4층,건대입구역 3번출구에서 320m,0507-1364-4022,가격정보 없음,https://www.instagram.com/partynstudy_ku,"예약, 단체 이용 가능",방문자 리뷰 21,블로그 리뷰 38,광진구,건대입구역,,가격정보 없음
숨스터디카페 건대점,서울 광진구 광나루로 418 2층,어린이대공원역 3번출구에서 149m,번호정보 없음,가격정보 없음,https://www.instagram.com/sum_studycafe/,"남/녀 화장실 구분, 단체 이용 가능",방문자 리뷰 247,블로그 리뷰 56,광진구,어린이대공원역,별점 4.81,가격정보 없음
열공다방 스터디카페 자양점,서울 광진구 뚝섬로35길 23 2층,건대입구역 5번출구에서 544m,0507-1330-7396,"2시간3,500원4시간6,000원6시간8,000원8시간9,000원10시간10,000원연장1시간1,500원[정기권]2주89,000원[기간정기권]4주140,000원[시간정기권]30시간45,000원[시간정기권]50시간70,000원",https://blog.naver.com/yeolgongdabang,"예약, 무선 인터넷",방문자 리뷰 141,블로그 리뷰 10,광진구,건대입구역,별점 4.56,가격정보 없음
대치스터디학원,서울 광진구 자양로 241 3층,아차산역 3번출구에서 466m,02-448-8411,가격정보 없음,URL정보 없음,"예약, 무선 인터넷",방문자 리뷰 1,,광진구,아차산역,,가격정보 없음
홈워크 스터디카페 건대점,서울 광진구 능동로13길 75 2층,건대입구역 1번출구에서 584m,0507-1374-0997,"2시간3,000원4시간5,000원6시간7,000원9시간9,000원12시간10,000원24시간15,000원2주 기간권 (14일)90,000원4주 기간권 (28일)140,000원8주 기간권 (56일)280,000원50시간 정액권 (기간제한 없음)70,000원",https://blog.naver.com/homework200101,"단체 이용 가능, 예약, 무선 인터넷, 포장, 배달, 남/녀 화장실 구분, 주차",방문자 리뷰 247,블로그 리뷰 107,광진구,건대입구역,별점 4.66,가격정보 없음
모어스터디 건대점,서울 광진구 동일로20길 89 지하,건대입구역 6번출구에서 164m,0507-1415-7333,"사전예약(요일/시간 무관)1,600원당일예약(시간/요일 무관)1,800원5% 포인트 적립변동",http://morestudy.modoo.at/,"예약, 단체 이용 가능, 무선 인터넷, 남/녀 화장실 구분",방문자 리뷰 225,블로그 리뷰 56,광진구,건대입구역,별점 4.53,가격정보 없음
스터디엔카페 독서실 건대입구센터,서울 광진구 능동로 49 영지빌딩 4층,자양역 1번출구에서 432m,0507-1415-6144,"스터디룸(시간,인당,2인기본)2,000원2시간(광장형)4,000원3시간(광장형)5,000원5시간(광장형)7,000원7시간(광장형)8,000원1day(모든타입)12,000원광장형(사물함무료)고정석120,000원오픈형(남,녀 구분) 고정석160,000원1인독립형(남녀구분)고정석190,000원몰입형(천장막힌룸)고정석220,000원",https://blog.naver.com/imustrun72,"주차, 무선 인터넷, 남/녀 화장실 구분",방문자 리뷰 24,블로그 리뷰 2,광진구,자양역,별점 4.61,"2인 - 1시간 1,000원, 광장형 - 2시간 2,000원, 광장형 - 3시간 4,000원, 광장형 - 5시간 5,000원, 광장형 - 7시간 8,000원, 가격정보 없음"
토즈 건대점,서울 광진구 아차산로 207 선일빌딩 5층,건대입구역 1번출구에서 198m,0507-1416-0116,가격정보 없음,https://blog.naver.com/tozmoimcenter,"예약, 단체 이용 가능, 무선 인터넷, 남/녀 화장실 구분",방문자 리뷰 119,블로그 리뷰 218,광진구,건대입구역,별점 4.42,가격정보 없음
위넌스터디카페 성수점,서울 성동구 상원길 60,뚝섬역 2번출구에서 266m,0507-1396-2920,"(Study Zone) 2시간4,000원(Study Zone) 3시간5,000원(Study Zone) 4시간6,000원(Study zone) 5시간7,000원(Study Zone) 6시간8,000원(Study Zone) 8시간10,000원(Study Zone) 10시간11,000원(Study Zone) 12시간12,000원(Study Zone) 정기권 2주80,000원(Study Zone) 정기권 4주140,000원",https://winnen81.modoo.at/,비고 없음,방문자 리뷰 251,블로그 리뷰 27,성동구,뚝섬역,별점 4.5,"Study Zone - 2시간 4,000원, Study Zone - 3시간 5,000원, Study Zone - 4시간 6,000원, Study Zone - 5시간 7,000원, Study Zone - 6시간 8,000원, Study Zone - 8시간 10,000원, Study Zone - 10시간 11,000원, Study Zone - 12시간 12,000원"
다옴스터디(모임전문공간),서울 광진구 아차산로 213 웅진빌딩,건대입구역 1번출구에서 153m,02-461-8172,가격정보 없음,https://blog.naver.com/can4382,"예약, 무선 인터넷, 남/녀 화장실 구분, 단체 이용 가능",방문자 리뷰 252,블로그 리뷰 34,광진구,건대입구역,별점 4.48,가격정보 없음
랭스터디카페 한양대점,서울 성동구 왕십리로 235 제1호 3층,한양대역 1번출구에서 228m,02-6954-0606,"1시간권1,500원3시간권4,000원6시간권7,000원8시간권9,500원오후권 18시 - 익일 9시10,000원1일권 (9시~22시)13,000원야간권 22시 - 익일 9시6,000원스터디룸시간당(최대6인/2시간이상)6,000원50시간권(1개월) 특가50,000원50시간권(2개월)60,000원",https://www.instagram.com/langstudy.cafe_hanyangdae?igsh=cnljc3o2aTdpMmNq,"단체 이용 가능, 예약, 무선 인터넷, 남/녀 화장실 구분, 포장, 주차",방문자 리뷰 147,블로그 리뷰 50,성동구,한양대역,,"6인실 - 1시간 1,500원, 6인실 - 2시간 7,000원~6,000원"
포레스트스터디카페 한양대점,서울 성동구 사근동길 6 5층,왕십리역 6번출구에서 372m,0507-1320-1166,가격정보 없음,http://gosca.co.kr,"단체 이용 가능, 예약, 무선 인터넷, 남/녀 화장실 구분",방문자 리뷰 15,블로그 리뷰 35,성동구,왕십리역,,가격정보 없음
스터디랩스 스터디룸&카페,서울 서대문구 연세로2길 25 3층,신촌역 4번출구에서 181m,070-7755-1230,"룸이용2시간3,000원",http://pf.kakao.com/_qxbjgK,"단체 이용 가능, 예약, 무선 인터넷, 남/녀 화장실 구분",방문자 리뷰 29,블로그 리뷰 57,서대문구,신촌역,별점 5,"4인실 - 1시간 1,500원, 2시간 3,000원"
윙스터디 신촌스터디룸,서울 서대문구 연세로5다길 14 지하 1층,신촌역 1번출구에서 225m,0507-1357-0007,"1시간 이용 요금1,900원아메리카노, 카페라떼 (무제한)무료PC, 모니터 사용무료",https://wingstudysinchon.modoo.at,"단체 이용 가능, 예약, 무선 인터넷, 남/녀 화장실 구분",방문자 리뷰 2,블로그 리뷰 280,서대문구,신촌역,,"4인실 - 1시간 1,900원"
두드림 스터디룸,서울 마포구 고산길 4 성이빌딩3층,신촌역 6번출구에서 221m,0507-1443-0170,"2시간/1인당 (오전10시~오후1시)3,500원2시간/1인당 (오후1시~오후10시)4,000원추가요금 30분/1인당1,000원노트북대여 1시간1,000원화상면접패키지1(노트북+조명)19,000원화상면접패키지2(조명만)17,000원추가 링조명(화상면접pkg)3,000원추가 판조명(화상면접pkg)5,000원",https://studyroomdodream.modoo.at,"예약, 단체 이용 가능, 무선 인터넷, 남/녀 화장실 구분",방문자 리뷰 530,블로그 리뷰 221,마포구,신촌역,별점 4.68,"1인 - 1시간 1,750원, 2인 - 1시간 1,750원, 1인 - 1시간 2,000원, 2인 - 1시간 2,000원"
마커닷 스터디룸,서울 서대문구 명물길 19 나동 5층,신촌역 3번출구에서 294m,0507-1340-1099,"야간정액권[00시-08시]6,000원주말 시간당/인당2,000원평일 6시이전 시간당/인당1,500원평일 6시이후 시간당/인당2,000원1인 인터뷰룸 AI면접실[방음부스]6,000원",https://www.instagram.com/markadotstudy,"무선 인터넷, 예약, 남/녀 화장실 구분, 단체 이용 가능",방문자 리뷰 207,블로그 리뷰 34,서대문구,신촌역,,"1인 - 1시간 1,500원~2,000원, 주중 - 1시간 1,500원~2,000원, 주말/공휴일 - 1시간 2,000원, 1인 - 1시간 6,000원"
랭귀지랩 스터디룸 카페,서울 마포구 백범로1길 10 3층,신촌역 6번출구에서 123m,0507-1305-0735,"야간할인요금(1시간)1,200원야간권 룸 (10시간 사용) 1인6,000원주간권 룸(3시간권+음료,1인기준)5,700원12시간권 주간 자유석(10~22시)4,500원대여가격(평일할인시간)1,600원대여요금1,900원",https://spacecloud.kr/space/17476,"예약, 단체 이용 가능, 무선 인터넷, 방문접수/출장, 포장, 남/녀 화장실 구분",방문자 리뷰 372,블로그 리뷰 21,마포구,신촌역,별점 4.64,"1인 - 1시간 1,200원, 1인 - 1시간 1,600원, 1인 - 1시간 1,900원"
신촌베스트프렌드 스터디룸,"서울 서대문구 연세로 21 5층, 6층, 신촌역 2호선 연세대 방면 걸어서 3분",신촌역 2번출구에서 217m,0507-1342-2717,특가! 1안당 계산이 아닌 방당무료60% 네이버 예약 쿠폰무료옆방 시끄럽다면 <즉시 방 이동>가능무료시간별 할증 없음무료주말 할증 없음 (평일가격으로)무료,https://blog.naver.com/tommynjm22,"예약, 단체 이용 가능, 무선 인터넷, 남/녀 화장실 구분, 반려동물 동반, 대기공간",방문자 리뷰 349,블로그 리뷰 108,서대문구,신촌역,별점 4.25,가격정보 없음
꿈틀 스터디룸 신촌점,서울 서대문구 연세로7안길 10 4층,신촌역 2번출구에서 329m,0504-0905-0209,"4인실~ 평일 할인 (평일~18시)1,300원스터디룸 1인,1시간(평일 ~18시)1,500원스터디룸 1인,1시간(평일 18시~)1,700원스터디룸 1인, 1시간(주말)1,700원야간정액권[00-08시]5,000원",https://kkoomtle1st.modoo.at,"예약, 단체 이용 가능, 무선 인터넷, 반려동물 동반, 남/녀 화장실 구분",방문자 리뷰 239,블로그 리뷰 119,서대문구,신촌역,별점 4.39,"4인실 - 1시간 1,300원, 주중 - 1시간 1,500원~1,700원, 주말/공휴일 - 1시간 1,700원"
마커닷비즈센터 스터디룸,서울 서대문구 명물길 19 나동 5층 우측부,신촌역 3번출구에서 297m,0504-0905-0428,"한달이용권(평일08-18시) 1인가격150,000원비상주사무실 한달이용료40,000원",http://pf.kakao.com/_ixlhDxj,"예약, 단체 이용 가능, 무선 인터넷, 반려동물 동반, 남/녀 화장실 구분",방문자 리뷰 76,블로그 리뷰 41,서대문구,신촌역,별점 4.45,가격정보 없음
아이비 스터디룸,서울 서대문구 연세로5길 38 4층,신촌역 1번출구에서 150m,번호정보 없음,가격정보 없음,URL정보 없음,비고 없음,방문자 리뷰 6,,서대문구,신촌역,,가격정보 없음
엘사 스터디룸,서울 서대문구 신촌로 33-1,홍대입구역 5번출구에서 388m,번호정보 없음,가격정보 없음,https://blog.naver.com/aym8040,비고 없음,방문자 리뷰 5,블로그 리뷰 1,서대문구,홍대입구역,,가격정보 없음
다다스터디룸 홍대점,서울 마포구 신촌로2안길 14 지하1층,홍대입구역 5번출구에서 89m,0507-1388-9456,"대기공간이용은 스터디룸 손님께만 무료변동3인이상 평일3시이후,주말스터디룸2,000원3인이상 평일 3시 이전 스터디룸1,500원",https://blog.naver.com/dreamindada,"단체 이용 가능, 예약, 무선 인터넷, 남/녀 화장실 구분, 주차",방문자 리뷰 99,블로그 리뷰 11,마포구,홍대입구역,,"3인 이상 - 주중 - 1시간 1,500원~2,000원, 주말/공휴일 - 1시간 2,000원"
다다스터디룸 홍대2호점,서울 마포구 신촌로2길 5-15 지하 1층,홍대입구역 5번출구에서 130m,0507-1341-6964,"3인이상 평일 3시 이전 스터디룸1,500원3인이상 평일 3시이후, 주말스터디룸2,000원대기공간이용은 스터디룸 손님께만 무료변동",URL정보 없음,"단체 이용 가능, 예약, 무선 인터넷, 남/녀 화장실 구분, 대기공간, 간편결제, 주차",방문자 리뷰 21,블로그 리뷰 2,마포구,홍대입구역,,"3인 - 주중 1시간 1,500원~2,000원, 주말/공휴일 1시간 2,000원"
토즈 신촌비즈센터,서울 마포구 서강로 136 아이비타워 15층,신촌역 6번출구에서 183m,0507-1411-0113,"무료설비(노트북,프로젝터변동무료음료 (커피,차,주스,탄산)변동복사,출력,팩스변동",https://www.instagram.com/toz_sinchon,"예약, 단체 이용 가능, 무선 인터넷, 남/녀 화장실 구분, 대기공간, 주차",방문자 리뷰 22,블로그 리뷰 211,마포구,신촌역,,가격정보 없음
셀스스터디룸 홍대점,서울 마포구 동교로 198 태양빌딩 3층,홍대입구역 2번출구에서 128m,0507-1364-0779,가격정보 없음,http://hd.sels.co.kr,"단체 이용 가능, 주차, 예약, 무선 인터넷, 남/녀 화장실 구분",방문자 리뷰 23,블로그 리뷰 223,마포구,홍대입구역,별점 4.59,가격정보 없음
작심스터디카페 서울신촌점,서울 서대문구 연세로 33 3~4층,신촌역 2번출구에서 339m,0506-1497-0912,"4인 스터디룸(1시간)5,000원일일 이용권(4시간)5,000원일일 이용권(6시간)7,000원일일 이용권(12시간)10,000원자유석(4주)150,000원작심룸 고정석(4주)180,000원작심룸 고정석(12주)513,000원케임브릿지 고정석(4주)160,000원케임브릿지 고정석(12주)456,000원",https://s.solo.pickko.net/bjCHWjZJYMOhaDCkypK,"무선 인터넷, 남/녀 화장실 구분, 예약",방문자 리뷰 12,블로그 리뷰 9,서대문구,신촌역,,"4인 - 1시간 5,000원"
코지모임공간 신촌점,서울 서대문구 연세로 8-1 버티고타워 10층,신촌역 3번출구에서 81m,0507-1453-1240,"☎문의전화 02-364-1237 / 신촌역 공간대여 1등 / 고객만족도 우수업체 / 비대면 화상면접, 화상회의 / 최대 72인실 보유변동",http://www.cozymoim.com,"단체 이용 가능, 무선 인터넷, 남/녀 화장실 구분, 예약, 대기공간, 간편결제, 주차",방문자 리뷰 62,블로그 리뷰 125,서대문구,신촌역,,가격정보 없음
어스스터디카페 신촌1호점,서울 서대문구 명물길 70 2층,역정보 없음,02-365-2084,"일반스터디룸(1~3인) / 1시간3,500원일반스터디룸(1~3인) / 2시간6,000원일반스터디룸(1~3인) / 4시간11,000원일반스터디룸(1~3인) / 6시간15,000원일반스터디룸(1~3인) / 충전권_30시간80,000원일반스터디룸(1~3인) / 충전권_50시간120,000원일반스터디룸(1~3인) / 충전권_100시간220,000원중형스터디룸(1~4인) / 1시간7,000원사물함 / 2주6,000원사물함 / 4주10,000원",https://blog.naver.com/usstudy20,"단체 이용 가능, 무선 인터넷",방문자 리뷰 1,블로그 리뷰 76,서대문구,,,"1~3인 - 1시간 3,500원, 1~3인 - 2시간 6,000원, 1~3인 - 4시간 11,000원, 1~3인 - 6시간 15,000원, 1~4인 - 1시간 7,000원"
작심스터디카페 신촌숲길점,서울 마포구 서강로 121 2층 207호~208호,신촌역 7번출구에서 264m,번호정보 없음,"일일 이용권(2시간)4,000원일일 이용권(6시간)9,000원일일 이용권(8시간)12,000원50시간(6주)120,000원100시간(12주)150,000원자유석(4주)180,000원고정석(4주)280,000원6인 스터디룸ㅣ회의실(1시간)12,000원8인 스터디룸ㅣ회의실(1시간)15,000원스튜디오(1시간)20,000원",https://www.instagram.com/zaksim_official,"단체 이용 가능, 예약, 무선 인터넷, 남/녀 화장실 구분, 대기공간",,블로그 리뷰 1,마포구,신촌역,,"6인실 - 1시간 12,000원, 8인실 - 1시간 15,000원, 스튜디오 - 1시간 20,000원"
파티앤스터디 신촌점,서울 서대문구 신촌로 109 지1층 비123-2호,신촌역 4번출구에서 75m,0507-1354-9654,"예약안내참고(시간별,요일별 금액상이)20,000원",https://www.instagram.com/partyandstudy_es,"단체 이용 가능, 예약, 무선 인터넷, 남/녀 화장실 구분, 포장, 배달, 반려동물 동반, 간편결제, 주차",방문자 리뷰 24,블로그 리뷰 162,서대문구,신촌역,,가격정보 없음
셀스온에어스터디룸 홍대1번출구점,서울 마포구 월드컵북로2길 25 3층,홍대입구역 1번출구에서 79m,0507-1476-0780,가격정보 없음,http://on.sels.co.kr,"단체 이용 가능, 예약, 무선 인터넷, 남/녀 화장실 구분",방문자 리뷰 3,블로그 리뷰 100,마포구,홍대입구역,,가격정보 없음
파티룸 모임공간 스밈스 서울 신촌,서울 서대문구 연세로12길 32 MJ빌딩 5층,신촌역 3번출구에서 512m,0507-1373-8261,예약 메뉴에서 일정을 선택하시면변동날짜별 가격정보를 확인할 수 있습니다변동*연말모임 예약 기간한정 특가 진행중변동*낮/밤/올나잇 패키지 예약 할인은변동네이버 '톡톡'으로 문의주세요변동,https://www.instagram.com/smeems_korea,"예약, 무선 인터넷, 단체 이용 가능, 간편결제",방문자 리뷰 3,,서대문구,신촌역,,가격정보 없음
톡톡스터디,서울 서대문구 신촌로 109 신촌르메이에르타운5 B2층 218-1호,신촌역 4번출구에서 75m,0507-1363-5071,"1인 1시간 비용(평일)2,000원1인 1시간 비용(주말)2,500원",URL정보 없음,"무선 인터넷, 단체 이용 가능, 예약",,블로그 리뷰 20,서대문구,신촌역,,"1인 - 1시간 2,000원, 주중 - 1시간 2,000원, 주말/공휴일 - 1시간 2,500원"
신촌우정스터디,서울 마포구 백범로 8 2층 232호,신촌역 6번출구에서 150m,0507-1329-4669,"4인(1시간)8,000원5인(1시간)10,000원6인(1시간)12,000원",URL정보 없음,"무선 인터넷, 예약, 남/녀 화장실 구분",방문자 리뷰 1,,마포구,신촌역,,"4인 - 1시간 8,000원, 5인 - 1시간 10,000원, 6인 - 1시간 12,000원"
스터디룸 별의순간 홍대점,서울 마포구 양화로 133 1동 12층 10호,홍대입구역 1번출구에서 213m,0507-1358-6755,"[평일]23시~09시(시간/인당)1,500원[평일]09시~18시(시간/인당)2,000원[평일]18시~23시(시간/인당)2,500원[주말]23시~09시(시간/인당)2,000원[주말]09시~22시(시간/인당)2,500원노트북 대여 *정기고객 무료 제공2,000원PPT 포인터 대여 서비스1,000원촬영용 링조명 거치대 대여무료1캡슐 1000원 커피 *정기고객무료1,000원",http://pf.kakao.com/_MxnxoUxj/chat,"예약, 무선 인터넷, 단체 이용 가능, 반려동물 동반, 포장, 배달, 방문접수/출장, 간편결제, 주차",방문자 리뷰 64,블로그 리뷰 8,마포구,홍대입구역,,"주중 - 1시간 1,500원~2,500원, 주말/공휴일 - 1시간 2,000원~2,500원"
스터디룸모임공간 오아,"서울 마포구 양화로 133 1301호, 812호",홍대입구역 1번출구에서 213m,0507-1351-9145,"2호점2,000~3,000원1호점2,000~2,500원",https://pf.kakao.com/_xlxjRmxj,"무선 인터넷, 예약",방문자 리뷰 13,블로그 리뷰 8,마포구,홍대입구역,,가격정보 없음
스터디룸 별의순간 홍대2호점,서울 마포구 양화로 133 1동 9층 901호,홍대입구역 1번출구에서 213m,0507-1329-5464,"[평일/주말(토요일제외)]1시간/인원2,500원[토요일]1시간/인원당3,000원",http://pf.kakao.com/_MxnxoUxj/chat,"단체 이용 가능, 포장, 배달, 방문접수/출장, 예약, 무선 인터넷, 반려동물 동반, 간편결제, 주차",방문자 리뷰 9,,마포구,홍대입구역,,"2인 - 1시간 2,500원, 주중 - 1시간 2,500원, 주말/공휴일 - 1시간 3,000원"
스터디룸/모임공간 오아네,서울 마포구 동교로29길 48 3층 302호,홍대입구역 3번출구에서 515m,0504-3220-7979,"[평일]00~18(시간/인당)2,500원[평일]18~24(시간/인당)3,300원[금요일]00~09(시간/인당)2,500원[금요일]09~18(시간/인당)3,300원[금요일]18~24(시간/인당)4,000원[토,일]00~09(시간/인당)3,500원[토,일]09~24(시간/인당)4,000원",http://pf.kakao.com/_EXtZG/chat,"무선 인터넷, 예약",방문자 리뷰 23,블로그 리뷰 13,마포구,홍대입구역,,"주중 - 1시간 2,500원~3,300원, 주말/공휴일 - 1시간 3,500원~4,000원"
제이스 스터디룸,서울 마포구 와우산로 45 2층,상수역 1번출구에서 86m,0507-1352-7417,"(룸별 최소인원 상이) 1인_1시간1,800원",https://blog.naver.com/jacestudy,"예약, 무선 인터넷, 남/녀 화장실 구분, 단체 이용 가능, 대기공간, 노키즈존",방문자 리뷰 655,블로그 리뷰 19,마포구,상수역,별점 4.89,"1인 - 1시간 1,800원"
비에이블스터디카페 마포센터,서울 마포구 백범로 71 숨도빌딩 6층,대흥역 1번출구에서 203m,번호정보 없음,"2시간3,500원4시간6,000원6시간8,000원8시간9,500원10시간10,500원당일권(오전5시~밤12시)12,000원2인 스터디룸(1시간)4,000원4인스터디룸(1시간)7,000원6인~7인 스터디룸(1시간)11,000원기간권(2주이용권)80,000원",https://beablestudymapo.modoo.at,"예약, 단체 이용 가능, 무선 인터넷, 남/녀 화장실 구분, 주차",방문자 리뷰 3,블로그 리뷰 68,마포구,대흥역,,"2인 - 1시간 4,000원, 4인실 - 1시간 7,000원, 6인~7인 - 1시간 11,000원"
모티브 스터디카페,서울 서대문구 연세로4길 40,신촌역 3번출구에서 356m,0507-1446-2460,가격정보 없음,https://pf.kakao.com/_qSxcEs/friend,"단체 이용 가능, 예약, 무선 인터넷, 남/녀 화장실 구분",방문자 리뷰 149,블로그 리뷰 196,서대문구,신촌역,별점 4.99,가격정보 없음
이제마스터디카페 홍대점,"서울 마포구 양화로18안길 22 B&J빌딩,4층",홍대입구역 8번출구에서 166m,0507-1426-1242,"A룸(4인실, 2시간)14,000원B룸(6인실, 2시간)21,000원당일권 24시간16,000원당일권 12시간12,000원시간권 100시간(60일간 사용)120,000원시간권 50시간(30일간 사용)70,000원기간권 4주140,000원기간권 2주90,000원기간권 1주50,000원당일권 8시간9,000원",http://pf.kakao.com/_GxlYFxj,"예약, 무선 인터넷, 남/녀 화장실 구분, 단체 이용 가능",방문자 리뷰 250,블로그 리뷰 104,마포구,홍대입구역,별점 4.67,"4인실 - 2시간 14,000원, 6인실 - 2시간 21,000원, 1인 - 24시간 16,000원, 1인 - 12시간 12,000원, 1인 - 8시간 9,000원"
토즈 홍대점,서울 마포구 연남로 13 영상빌딩 3층,홍대입구역 3번출구에서 413m,0507-1485-0112,가격정보 없음,http://www.toz.co.kr/,"예약, 무선 인터넷, 남/녀 화장실 구분, 단체 이용 가능",방문자 리뷰 184,블로그 리뷰 241,마포구,홍대입구역,별점 4.45,가격정보 없음
르하임스터디카페 연희점,서울 서대문구 연희로 83 다이소 건물 4층,홍대입구역 3번출구에서 980m,0507-1473-7847,"시간권 2시간3,000원시간권 4시간5,000원정액권 50시간(180일)70,000원정액권 100시간(365일)+ @시간130,000원정액권 200시간(540일)+ @시간250,000원정액권 300시간(730일)+ @시간370,000원4주 기간권(28일)+ @기간140,000원8주 기간권(56일)+ @기간270,000원12주 기간권(84일)+ @기간390,000원4인 스터디룸 1시간7,000원",https://lchayim242.modoo.at,"단체 이용 가능, 무선 인터넷, 남/녀 화장실 구분, 예약, 주차",방문자 리뷰 109,블로그 리뷰 60,서대문구,홍대입구역,별점 4.87,"4인실 - 1시간 7,000원"
스터디카페공간 연희점,서울 서대문구 연희로 93 지층전체,역정보 없음,02-3144-0916,"1개월권130,000원200시간200,000원2개월권230,000원3개월권330,000원3주권110,000원2주권80,000원1주권50,000원100시간110,000원50시간70,000원당일 2시간4,000원",https://booking.naver.com/,"단체 이용 가능, 예약, 무선 인터넷, 남/녀 화장실 구분",방문자 리뷰 136,블로그 리뷰 3,서대문구,,,가격정보 없음
스터디 카페 모각,서울 서대문구 연희로2길 62 한빛빌딩 B동 1층,홍대입구역 4번출구에서 313m,0507-1387-3436,가격정보 없음,https://www.instagram.com/cafe.mogak/,"단체 이용 가능, 포장, 무선 인터넷, 예약, 남/녀 화장실 구분, 주차",방문자 리뷰 54,블로그 리뷰 6,서대문구,홍대입구역,,가격정보 없음
리드체인지스터디카페,서울 광진구 천호대로 602 3층,군자역 5번출구에서 451m,02-6013-2301,"스터디룸10,000원원데이 3시간5,000원원데이 5시간8,000원원데이 8시간10,000원1주(자유석)40,000원3주+1주FREE (지정석)120,000원생활관리150,000원",https://leadstudy.modoo.at,"주차, 무선 인터넷, 남/녀 화장실 구분, 예약",방문자 리뷰 7,블로그 리뷰 10,광진구,군자역,,"3시간 10,000원, 5시간 8,000원, 8시간 10,000원"
예스스터디카페,서울 광진구 영화사로 32 3층,아차산역 1번출구에서 720m,0507-1433-1977,"카페석 일회시간권 2시간3,500원카페석 일회시간권 4시간6,000원카페석 일회시간권 6시간8,000원카페석 일회시간권 10시간10,000원카페석정액시간권 10시간-유효기간7일20,000원카페석정액시간권30시간-유효기간30일50,000원카페석정액시간권50시간-유효기간50일70,000원카페석정액시간권100시간-유효3개월120,000원카페석정액시간권200시간-유효5개월210,000원카페석(자유석) 기간권 2주(14일)80,000원",https://www.instagram.com/yes_studycafe,"예약, 무선 인터넷, 남/녀 화장실 구분",방문자 리뷰 5,블로그 리뷰 1,광진구,아차산역,,"카페석 - 1시간 1,750원, �afe석 - 1시간 1,500원, cafe석 - 1시간 1,333원, cafe석 - 1시간 1,000원"
한국공유오피스,서울 강남구 영동대로 721 1303호,청담역 13번출구에서 236m,0507-1320-8169,"4시간 이용권80,000원비상주공유오피스50,000원시간당(2시간 이상 가능)25,000원6시간105,000원1일 (9시-20시)140,000원",https://blog.naver.com/hksoffice,"무선 인터넷, 단체 이용 가능, 예약, 주차, 발렛파킹",,블로그 리뷰 8,강남구,청담역,,"4시간 80,000원, 6시간 105,000원, 1일 (9시-20시) 140,000원"
MOiM 스터디룸 왕십리점,서울 성동구 마조로5길 6 2층,왕십리역 6번출구에서 227m,0507-1411-2776,가격정보 없음,URL정보 없음,"예약, 단체 이용 가능, 무선 인터넷",방문자 리뷰 573,블로그 리뷰 40,성동구,왕십리역,별점 4.54,가격정보 없음
위넌스터디카페 한양대점,서울 성동구 마조로3길 7-1 2층,왕십리역 6번출구에서 325m,0507-1330-2351,"2시간3,000원4시간5,000원6시간6,000원9시간8,000원12시간10,000원야간권 (22시~08시)5,000원정기권 2주80,000원정기권 4주140,000원정액시간권 50시간(기간제한없음)70,000원정액시간권 100시간(기간제한없음)120,000원",https://winnen20.modoo.at/,비고 없음,방문자 리뷰 201,블로그 리뷰 34,성동구,왕십리역,별점 4.51,가격정보 없음
비에이블스터디카페 행당센터,서울 성동구 고산자로 203 B1,왕십리역 10번출구에서 350m,0507-1319-5105,가격정보 없음,https://beablehd.modoo.at,"단체 이용 가능, 남/녀 화장실 구분, 무선 인터넷, 예약, 주차",방문자 리뷰 7,블로그 리뷰 63,성동구,왕십리역,,가격정보 없음
소울 스터디 카페,서울 성동구 난계로 67 2층,행당역 1번출구에서 628m,0507-1464-0981,"2시간 (1일)4,000원4시간 (1일)6,000원6시간 (1일)8,000원8시간 (1일)10,000원12시간 (1일)12,000원30시간권 (30일)55,000원50시간권 (60일)80,000원100시간 (120일)140,000원2주90,000원4주160,000원",https://www.instagram.com/soul_studyoffice,"단체 이용 가능, 예약, 남/녀 화장실 구분, 무선 인터넷",방문자 리뷰 122,블로그 리뷰 96,성동구,행당역,,가격정보 없음
차이나요워크스튜디오 압구정점,서울 강남구 압구정로 228 2층 201호,압구정역 2번출구에서 410m,0507-1386-8027,"스터디룸 대관변동셀프스튜디오10,000원비상주사무실(12개월)480,000원",https://www.instagram.com/different_center,"예약, 무선 인터넷, 남/녀 화장실 구분, 단체 이용 가능, 대기공간, 노키즈존, 간편결제",방문자 리뷰 32,블로그 리뷰 25,강남구,압구정역,,가격정보 없음
압구정스터디카페,"서울 강남구 압구정로 214 3층 1-가호, 1-나호",압구정역 2번출구에서 249m,02-546-0910,"[오픈룸] 2시간5,000원[집중룸] 2시간5,500원[오픈룸] 4시간8,000원[집중룸] 4시간9,500원[오픈룸] 6시간11,500원[집중룸] 6시간12,500원[기간제 정기권] 1주권90,000원[기간제 정기권] 2주권155,000원[기간제 정기권] 3주권200,000원[기간제 정기권] 4주권250,000원",https://www.instagram.com/apgujeong_studycafe,"단체 이용 가능, 예약, 무선 인터넷, 남/녀 화장실 구분, 주차",방문자 리뷰 6,블로그 리뷰 1,강남구,압구정역,,"오픈룸 - 2시간 5,000원, 오픈룸 - 4시간 8,000원, 오픈룸 - 6시간 11,500원, 집중룸 - 2시간 5,500원, 집중룸 - 4시간 9,500원, 집중룸 - 6시간 12,500원"
작심스터디카페 대학로점,서울 종로구 대학로10길 12 4층 혜화 작심스터디카페 대학로점,혜화역 2번출구에서 105m,0507-1383-4344,"자유석 2시간4,000원자유석 4시간7,000원자유석 6시간9,000원자유석 12시간14,000원자유석 50시간 (10% 할인)72,000원자유석 100시간 (10% 할인)135,000원자유석 2주95,000원자유석 4주150,000원고정석 4주220,000원스터드룸 1시간 예약(아래링크 클릭)8,000원",https://s.solo.pickko.net/fRbdbnkzfQTEAPwRBjvF,"예약, 무선 인터넷, 단체 이용 가능, 남/녀 화장실 구분",방문자 리뷰 134,블로그 리뷰 11,종로구,혜화역,별점 4.4,"자유석 - 1시간 2,000원, 자유석 - 2시간 4,000원, 자유석 - 4시간 7,000원, 자유석 - 6시간 9,000원, 자유석 - 12시간 14,000원, 스터디룸 - 1시간 8,000원"
플래닛 스터디카페 대학로점,서울 종로구 대학로 149 유니로드빌딩 6층,혜화역 4번출구에서 98m,번호정보 없음,"(당일권) 2시간3,500원(당일권) 4시간6,000원(당일권) 6시간8,000원(당일권) 8시간10,000원(당일권) 12시간12,000원(시간권) 50시간70,000원(시간권) 100시간120,000원(시간권) 200시간230,000원(기간권) 1주50,000원(기간권) 2주80,000원",https://blog.naver.com/jack9221,"남/녀 화장실 구분, 단체 이용 가능, 무선 인터넷, 예약, 주차",방문자 리뷰 78,블로그 리뷰 10,종로구,혜화역,별점 4.73,가격정보 없음
꿈을파는공간 파티룸 스터디룸,서울 성북구 동소문로 93-9,성신여대입구역 4번출구에서 70m,0507-1498-0773,"MEETING ROOM [평일]29,000원PLAYGROUND [평일]29,000원MEETING ROOM [주말]35,000원PLAYGROUND [주말]35,000원인원추가10,000원",URL정보 없음,"단체 이용 가능, 무선 인터넷, 남/녀 화장실 구분, 유아의자, 대기공간, 예약, 유아시설 (놀이방), 간편결제, 주차",방문자 리뷰 13,,성북구,성신여대입구역,,"MEETING ROOM - 주중 - 1시간 14,500원, MEETING ROOM - 주말 - 1시간 17,500원, PLAYGROUND - 주중 - 1시간 14,500원, PLAYGROUND - 주말 - 1시간 17,500원, 인원추가 - 1시간 5,000원"
플래닛 스터디카페 혜화점,서울 종로구 창경궁로 269 3층,혜화역 4번출구에서 216m,0507-1311-6296,가격정보 없음,https://blog.naver.com/jack9221,"무선 인터넷, 단체 이용 가능, 예약, 남/녀 화장실 구분",방문자 리뷰 45,블로그 리뷰 5,종로구,혜화역,,가격정보 없음
한성대 오두막모임공간,서울 성북구 성북로9길 9 2층 201호 오두막 모임공간,한성대입구역 5번출구에서 294m,0507-1345-6084,"평일 1시간10,000원주말,공휴일13,000원6인부터 1인당 추가금액4,000원캡슐커피1,500원음료수1,000원",https://www.spacecloud.kr/space/40030?type=search,"예약, 무선 인터넷, 단체 이용 가능",방문자 리뷰 2,블로그 리뷰 8,성북구,한성대입구역,,"6인 - 주중 - 1시간 10,000원, 6인 - 주말/공휴일 - 1시간 13,000원"
작심스터디카페 성신여대입구점,"서울 성북구 동소문로13길 4 5층, 6층",성신여대입구역 4번출구에서 287m,0507-1343-6098,"(당일권) 1시간2,000원(당일권) 2시간3,000원(당일권) 4시간4,000원(당일권) 6시간6,000원(당일권) 8시간7,000원(당일권) 12시간10,000원(시간권) 50시간60,000원(시간권) 100시간100,000원(시간권) 200시간180,000원(시간권) 500시간350,000원",http://pf.kakao.com/_kbxiwG,"남/녀 화장실 구분, 대기공간, 단체 이용 가능, 무선 인터넷, 예약, 간편결제",방문자 리뷰 2,블로그 리뷰 7,성북구,성신여대입구역,,가격정보 없음
타이탄스페이스,서울 중구 퇴계로51길 20 지하 2층,동대문역사문화공원역 6번출구에서 241m,0507-1314-7661,가격정보 없음,URL정보 없음,"단체 이용 가능, 예약, 무선 인터넷, 남/녀 화장실 구분",,블로그 리뷰 4,중구,동대문역사문화공원역,,가격정보 없음
위넌스터디카페 약수역점,서울 중구 다산로18길 7 3F,약수역 3번출구에서 292m,번호정보 없음,"기간권 2주80,000원기간권 4주130,000원기간권 4주 + 4주230,000원정액권 50시간70,000원정액권 100시간110,000원정액권 200시간190,000원당일권 2시간3,000원당일권 4시간5,000원당일권 6시간7,000원당일권 8시간9,000원",https://winnen74.modoo.at/,"예약, 무선 인터넷, 남/녀 화장실 구분, 단체 이용 가능",방문자 리뷰 92,블로그 리뷰 37,중구,약수역,별점 4.12,가격정보 없음
룸투스터디,서울 영등포구 영신로17길 8 오학빌딩 B1층,영등포역 4번출구에서 114m,02-842-8567,"4인룸(1시간)8,000원6인룸(1시간)12,000원8인룸[빔프로젝트 설치](1시간)16,000원세미나룸/회의실[40명 가능](1시간)60,000원",URL정보 없음,"단체 이용 가능, 예약, 남/녀 화장실 구분, 무선 인터넷",방문자 리뷰 29,블로그 리뷰 4,영등포구,영등포역,,"4인 - 1시간 8,000원, 6인 - 1시간 12,000원, 8인 - 1시간 16,000원, 세미나룸/회의실 - 1시간 60,000원"
지공스터디카페 도림점,서울 영등포구 도신로 75 3층,역정보 없음,번호정보 없음,"100시간권120,000원4주 무제한 기간권130,000원2시간권 (당일권)4,000원4시간권 (당일권)6,000원50시간권70,000원1인실 고정석 (28일)160,000원스터디룸4인실 1시간8,000원",http://www.jigong.co.kr,"무선 인터넷, 예약, 남/녀 화장실 구분",방문자 리뷰 58,블로그 리뷰 2,영등포구,,,"4인실 - 1시간 8,000원"
하늘스터디룸,서울 동작구 여의대방로 284 4층,역정보 없음,0507-1349-6526,"4주.정기권(고정석)110,000원3주.정기권(고정석)80,000원2주.정기권(고정석)60,000원1주.정기권(고정석)40,000원4주.정기권(자유석)100,000원3주.정기권(자유석)70,000원2주.정기권(자유석)50,000원1주 정기권(자유석)30,000원100시간50,000원50시간30,000원",URL정보 없음,"단체 이용 가능, 무선 인터넷, 남/녀 화장실 구분, 간편결제",,,동작구,,,가격정보 없음
스터디카페오늘 신길점,서울 영등포구 도신로65길 1 2층,신길역 1번출구에서 520m,번호정보 없음,가격정보 없음,URL정보 없음,"무선 인터넷, 남/녀 화장실 구분",방문자 리뷰 38,블로그 리뷰 1,영등포구,신길역,,가격정보 없음
르하임스터디카페 대방역점,서울 동작구 여의대방로 286 5층,대방역 6번출구에서 136m,0507-1443-0413,"1회 시간권 (12시간)12,000원100시간 정액권(유효기간1년)130,000원4주 기간권 (28일)140,000원스터디룸 4인실 1시간7,000원1회 시간권 (9시간)10,000원1회 시간권 (6시간)8,000원1회 시간권 (4시간)6,000원1회 시간권 (2시간)4,000원1주 기간권 (7일)60,000원2주 기간권 (14일)90,000원",https://blog.naver.com/studycafe85,"무선 인터넷, 남/녀 화장실 구분, 단체 이용 가능",방문자 리뷰 285,블로그 리뷰 55,동작구,대방역,별점 4.8,"4인실 - 1시간 7,000원"
알씨디스페이스 대림점,서울 영등포구 대림로 252 성원빌딩 3층 알씨디 스터디카페,역정보 없음,번호정보 없음,"2시간3,000원4시간5,000원6시간6,000원9시간8,000원12시간10,000원오픈석-50시간권70,000원오픈석-100시간권120,000원오픈석-220시간권240,000원오픈석-14일권70,000원오픈석-28일권120,000원",http://rcdspacedr.modoo.at,"남/녀 화장실 구분, 단체 이용 가능, 무선 인터넷, 주차",방문자 리뷰 29,블로그 리뷰 15,영등포구,,별점 4.79,가격정보 없음
DCT스터디카페 상왕십리점,서울 성동구 무학로 24 2층,상왕십리역 2번출구에서 225m,0507-1309-3863,"2시간 이용권3,000원4시간 이용권5,000원6시간 이용권7,000원8시간 이용권9,000원50시간(시간패키지)70,000원100시간(시간패키지)130,000원150시간(시간패키지)180,000원200시간(시간패키지)220,000원1주권(기간권)60,000원2주권(기간권)90,000원",https://blog.naver.com/dct3863,"단체 이용 가능, 남/녀 화장실 구분, 무선 인터넷",방문자 리뷰 68,블로그 리뷰 60,성동구,상왕십리역,별점 4.89,가격정보 없음
어라운드스터디카페 왕십리점,서울 중구 난계로 159 헤세드빌딩 6층,신당역 2번출구에서 264m,0507-1323-9353,"2시간3,000원4시간5,000원6시간7,000원8시간8,000원12시간10,000원50시간 정액권70,000원100시간 정액권130,000원2주 정기권80,000원4주 정기권150,000원4인 스터디룸7,000원",https://aroundwsl.modoo.at,"단체 이용 가능, 예약, 무선 인터넷, 남/녀 화장실 구분",방문자 리뷰 36,블로그 리뷰 39,중구,신당역,,"4인실 - 1시간 3,500원, 4인실 - 2시간 1,500원, 4인실 - 4시간 1,250원, 4인실 - 6시간 1,167원, 4인실 - 8시간 1,000원, 4인실 - 12시간 833원"
아카데미라운지 왕십리독서실&스터디카페,서울 성동구 마장로 137 2층,상왕십리역 1번출구에서 644m,0507-1322-8692,"하단에 블로그 리뷰-주인작성글 필독!10원[오픈석] 당일권 - 1시간2,000원[오픈석] 당일권 - 2시간4,000원[오픈석] 당일권 - 4시간6,000원[오픈석] 당일권 - 6시간8,000원[오픈석] 당일권 - 12시간10,000원ㅡㅡㅡㅡㅡㅡㅡㅡㅡㅡㅡㅡㅡㅡㅡ변동[오픈석] 시간권 30시간-시간 당1,500원[오픈석] 시간권 50시간-시간 당1,400원[오픈석] 시간권 100시간-시간 당1,200원",http://pf.kakao.com/_yxcspb,"주차, 단체 이용 가능, 예약, 무선 인터넷, 남/녀 화장실 구분",방문자 리뷰 13,블로그 리뷰 4,성동구,상왕십리역,,"오픈석 - 1시간 2,000원, 오픈석 - 2시간 4,000원, 오픈석 - 4시간 6,000원, 오픈석 - 6시간 8,000원, 오픈석 - 12시간 10,000원"
위넌스터디카페 상왕십리점,서울 중구 난계로 185 JM플러스 3층,신당역 2번출구에서 493m,0507-1311-0699,"(Study Zone) 2시간3,000원(Study Zone) 4시간5,000원(Study Zone) 6시간8,000원(Study Zone) 8시간10,000원(Study Zone) 10시간12,000원(Study Zone) 12시간14,000원(Study Zone) 정기권 2주80,000원(Study Zone) 정기권 4주150,000원(Study Zone) 정액시간권 50시간70,000원(Study Zone) 정액시간권 100시간130,000원",https://winnen68.modoo.at/,"예약, 단체 이용 가능, 무선 인터넷, 남/녀 화장실 구분",방문자 리뷰 76,블로그 리뷰 23,중구,신당역,별점 4.61,가격정보 없음
올탑스터디카페 전농1점,서울 동대문구 서울시립대로 46 3층 올탑스터디카페,청량리역 6번출구에서 704m,0507-1403-2526,가격정보 없음,https://blog.naver.com/celebration1-,"무선 인터넷, 남/녀 화장실 구분, 예약",방문자 리뷰 107,블로그 리뷰 4,동대문구,청량리역,별점 4.34,가격정보 없음
마리앤코 스페이스 부에나이데아,서울 중구 다산로14길 6 202호,약수역 3번출구에서 176m,0507-1416-2296,"스터디룸대여(주중)24,000원스터디룸대여(주말)48,000원",https://https//m.blog.naver.com/themariem,"예약, 단체 이용 가능, 무선 인터넷, 반려동물 동반, 남/녀 화장실 구분, 간편결제",방문자 리뷰 10,블로그 리뷰 2,중구,약수역,,가격정보 없음
토즈 삼성점,서울 강남구 테헤란로103길 14 대한기독교서회빌딩 3층,삼성역 8번출구에서 168m,0507-1348-0141,"기본 2시간(16-20인) 문의요망0원기본 2시간(10인)75,000원기본 2시간(8인)55,000원기본 2시간(6인)45,000원기본 2시간(5인)33,000원기본 2시간(1인)12,000원기본 2시간(2인)15,000원프로젝터 1시간 (장시간요금별도)5,000원노트북 1시간3,000원복사,출력,팩스 (별도문의)1,000원",http://www.toz.co.kr/,"예약, 단체 이용 가능, 무선 인터넷, 남/녀 화장실 구분",방문자 리뷰 76,블로그 리뷰 33,강남구,삼성역,별점 4.62,"1인 - 1시간 6,000원, 2인 - 1시간 7,500원, 5인 - 1시간 16,500원, 6인 - 1시간 22,500원, 8인 - 1시간 27,500원, 10인 - 1시간 37,500원, 16-20인 - 1시간 0원"
스터디룸 페이지 잠실점,서울 송파구 백제고분로7길 18 4층,잠실새내역 4번출구에서 425m,0507-1342-2629,가격정보 없음,URL정보 없음,"예약, 무선 인터넷, 단체 이용 가능, 남/녀 화장실 구분",방문자 리뷰 192,블로그 리뷰 17,송파구,잠실새내역,,가격정보 없음
초심스터디카페 대치학원가사거리점,서울 강남구 삼성로 301 지하층 제비3호~제비4호,대치역 2번출구에서 613m,번호정보 없음,"일일이용권 2시간4,000원일일이용권 4시간7,000원일일이용권 6시간10,000원일일이용권 8시간13,000원일일이용권 10시간15,000원시간충전권 30시간50,000원시간충전권 50시간80,000원시간충전권 100시간150,000원시간충전권 150시간210,000원시간충전권 200시간260,000원",URL정보 없음,"예약, 남/녀 화장실 구분, 무선 인터넷, 단체 이용 가능",방문자 리뷰 39,블로그 리뷰 1,강남구,대치역,,"4인실 - 2시간 4,000원, 4인실 - 4시간 7,000원, 4인실 - 6시간 10,000원, 4인실 - 8시간 13,000원, 4인실 - 10시간 15,000원"
시작스터디카페 대치3호점,서울 강남구 도곡로 510 지하1층,대치역 3번출구에서 665m,02-565-5206,"일일이용권 1시간3,000원일일이용권 2시간5,000원일일이용권 3시간6,000원일일이용권 4시간8,000원일일이용권 5시간10,000원일일이용권 6시간12,000원일일이용권 7시간14,000원일일이용권 8시간16,000원일일이용권 9시간18,000원일일이용권 12시간20,000원",URL정보 없음,비고 없음,방문자 리뷰 50,블로그 리뷰 4,강남구,대치역,별점 4.1,"일일이용권 - 1시간 3,000원, 2시간 5,000원, 3시간 6,000원, 4시간 8,000원, 5시간 10,000원, 6시간 12,000원, 7시간 14,000원, 8시간 16,000원, 9시간 18,000원, 12시간 20,000원"
시작스터디카페 대치직영5호점,서울 강남구 도곡로 449 지하1층,한티역 2번출구에서 663m,0507-1330-7410,"일일이용권 1시간3,000원일일이용권 2시간5,000원일일이용권 3시간6,000원일일이용권 4시간8,000원일일이용권 5시간10,000원일일이용권 6시간12,000원일일이용권 7시간14,000원일일이용권 8시간16,000원일일이용권 9시간18,000원일일이용권 12시간20,000원",URL정보 없음,무선 인터넷,방문자 리뷰 16,블로그 리뷰 1,강남구,한티역,,"4인실 - 1시간 3,000원, 4인실 - 2시간 5,000원, 4인실 - 3시간 6,000원, 4인실 - 4시간 8,000원, 4인실 - 5시간 10,000원, 4인실 - 6시간 12,000원, 4인실 - 7시간 14,000원, 4인실 - 8시간 16,00"
시작스터디카페 대치7호점,서울 강남구 도곡로 443,한티역 2번출구에서 511m,070-8018-4771,"일일이용권 1시간3,000원일일이용권 2시간5,000원일일이용권 3시간6,000원일일이용권 4시간8,000원일일이용권 5시간10,000원일일이용권 6시간12,000원일일이용권 7시간14,000원일일이용권 8시간16,000원일일이용권 9시간18,000원일일이용권 12시간20,000원",URL정보 없음,"무선 인터넷, 단체 이용 가능",방문자 리뷰 133,블로그 리뷰 3,강남구,한티역,,"1인 - 1시간 3,000원, 1인 - 2시간 5,000원, 1인 - 3시간 6,000원, 1인 - 4시간 8,000원, 1인 - 5시간 10,000원, 1인 - 6시간 12,000원, 1인 - 7시간 14,000원, 1인 - 8시간 16,000원, 1인 -"
랭스터디카페 대치점,서울 강남구 도곡로 446 대치동 학원가 사거리 뚜레쥬르 건물 지하1층입니다,한티역 3번출구에서 503m,0507-1434-0225,"당일 1시간(시간당 2,000원추가)2,000원야간권6,000원아메리카노1,800원레모니카노3,300원자모니카노3,600원충전 10시간권20,000원충전 30시간권60,000원충전 50시간권90,000원충전 100시간권170,000원4주(28일) 회원권220,000원",https://langstudycafedaechi.modoo.at,"단체 이용 가능, 남/녀 화장실 구분, 예약, 무선 인터넷",방문자 리뷰 257,블로그 리뷰 69,강남구,한티역,별점 4.98,가격정보 없음
스터디카페 스터디벅스1호점,"서울 강남구 삼성로58길 9 1층, 지하1층",대치역 3번출구에서 589m,02-556-0080,가격정보 없음,https://studybugsdaechi.modoo.at,"예약, 단체 이용 가능, 무선 인터넷, 남/녀 화장실 구분",방문자 리뷰 50,블로그 리뷰 7,강남구,대치역,별점 4.52,가격정보 없음
이지스스터디카페 학여울점,서울 강남구 영동대로 219 2층 이지스스터디카페 학여울점,학여울역 1번출구에서 330m,번호정보 없음,"스터디룸2,3(4인실) 2시간12,000원스터디룸1(6인실) 2시간18,000원[일일권] 2시간4,000원[일일권] 3시간5,000원[일일권] 4시간6,000원[일일권] 5시간7,000원[일일권] 6시간-미판매중(일시적)8,000원[시간제정액권] 50시간68,000원[시간제정액권] 100시간130,000원[시간제정액권] 150시간190,000원",http://pf.kakao.com/_xlRxgxjxj,"단체 이용 가능, 무선 인터넷, 남/녀 화장실 구분",방문자 리뷰 94,블로그 리뷰 3,강남구,학여울역,,"4인실 - 2시간 12,000원, 6인실 - 2시간 18,000원, 4인실 - 2시간 4,000원, 4인실 - 3시간 5,000원, 4인실 - 4시간 6,000원, 4인실 - 5시간 7,000원"
멘토즈스터디카페 강남대치점,서울 강남구 도곡로 431 강남 동산빌딩 B1층,한티역 2번출구에서 358m,02-501-0982,"시간권 30시간80,000원시간권 50시간 (8주)120,000원시간권 100시간 (16주)190,000원기간권 3일50,000원기간권 2주권 (14일)150,000원기간권 4주권 (28일)260,000원[고정석] 노블레스석 (28일)390,000원스터디룸 2인실 (1시간)8,000원스터디룸 4인실 (1시간)12,000원당일권 2시간5,000원",https://www.instagram.com/mentors_dc/,"남/녀 화장실 구분, 노키즈존, 간편결제",방문자 리뷰 6,블로그 리뷰 66,강남구,한티역,,"2인실 - 1시간 8,000원, 4인실 - 1시간 12,000원, 당일권 - 2시간 5,000원"
이니셜스터디카페 한티점,"서울 강남구 도곡로 413 지하1층 101, 102, 103호",한티역 2번출구에서 309m,0507-1361-0230,"당일 1시간(시간당 2,000원추가)2,500원야간권6,000원4주 회원권220,000원충전 30시간권60,000원충전 50시간권90,000원충전 100시간권170,000원4주 사물함 이용권15,000원스터디룸 4인실 1시간10,000원스터디룸 6인실 1시간12,000원",https://initialhanti.modoo.at,"남/녀 화장실 구분, 무선 인터넷",방문자 리뷰 54,블로그 리뷰 23,강남구,한티역,,"4인실 - 1시간 10,000원, 6인실 - 1시간 12,000원"
스터디카페 스터디벅스2호점,"서울 강남구 도곡로78길 6 봉구스버거건너편, 컴포즈 커피 건물 지하1층입니다",한티역 3번출구에서 497m,번호정보 없음,가격정보 없음,https://studybugs2.modoo.at,"예약, 단체 이용 가능, 무선 인터넷, 남/녀 화장실 구분",방문자 리뷰 42,블로그 리뷰 4,강남구,한티역,,가격정보 없음
휘랩대치관리형스터디카페,서울 강남구 역삼로 521 4층,삼성역 3번출구에서 792m,0507-1450-2234,가격정보 없음,https://wheelabstudycafe.modoo.at/,주차,방문자 리뷰 10,블로그 리뷰 143,강남구,삼성역,,가격정보 없음
스카이캐슬 스터디카페 2호점,서울 강남구 도곡로 422 서울 강남구 대치동 1023-1 세림빌딩,한티역 3번출구에서 254m,0507-1430-3225,"2인실 그룹 룸 1시간7,000원3인실 그룹 룸 1시간8,000원5인실 그룹 룸 1시간<가격할인>12,000원6인실 그룹 룸 1시간<가격할인>15,000원8인실 그룹 룸 1시간<가격할인>20,000원11인실 그룹 룸 1시간<가격할인>30,000원",https://blog.naver.com/skycastle_studycafe_,"예약, 배달, 단체 이용 가능, 남/녀 화장실 구분, 무선 인터넷, 대기공간, 간편결제, 주차",방문자 리뷰 103,블로그 리뷰 2,강남구,한티역,,"2인실 - 1시간 7,000원, 3인실 - 1시간 8,000원, 5인실 - 1시간 12,000원, 6인실 - 1시간 15,000원, 8인실 - 1시간 20,000원, 11인실 - 1시간 30,000원"
스카이캐슬 스터디카페 3호점,서울 강남구 삼성로67길 21 지하 101호,한티역 2번출구에서 771m,0507-1429-9488,가격정보 없음,https://blog.naver.com/skycastle_studycafe_,"단체 이용 가능, 포장, 배달, 방문접수/출장, 무선 인터넷, 남/녀 화장실 구분, 간편결제",방문자 리뷰 40,블로그 리뷰 8,강남구,한티역,,가격정보 없음
초심스터디카페 대치은마점,"서울 강남구 삼성로 212 편의동 2층 212, 213호",대치역 4번출구에서 135m,0507-1334-0955,가격정보 없음,https://chosimstudy15.modoo.at,"단체 이용 가능, 무선 인터넷, 남/녀 화장실 구분, 주차",방문자 리뷰 33,블로그 리뷰 28,강남구,대치역,별점 4.11,가격정보 없음
이룸스터디카페 독서실,"서울 강남구 선릉로 227 진달래상가, 5층",한티역 5번출구에서 45m,0507-1328-1177,가격정보 없음,http://pf.kakao.com/_uvnmb,"단체 이용 가능, 주차, 예약, 무선 인터넷, 남/녀 화장실 구분",방문자 리뷰 22,블로그 리뷰 4,강남구,한티역,,가격정보 없음
비에이블 스터디카페 대치센터,서울 강남구 도곡로 504,대치역 3번출구에서 611m,0507-1460-3010,가격정보 없음,https://blog.naver.com/beable_939,"단체 이용 가능, 예약, 무선 인터넷, 남/녀 화장실 구분",방문자 리뷰 25,블로그 리뷰 19,강남구,대치역,,가격정보 없음
스터디카페 엘알마 대치점,서울 강남구 도곡로84길 6 B1층,대치역 3번출구에서 672m,0507-1364-9620,가격정보 없음,https://blog.naver.com/elalma_daechi,"무선 인터넷, 예약, 남/녀 화장실 구분",방문자 리뷰 57,블로그 리뷰 3,강남구,대치역,별점 4.73,가격정보 없음
랭스터디카페 잠실새내점,서울 송파구 올림픽로8길 10 2층 랭스터디카페 잠실새내점,종합운동장역 9번출구에서 324m,번호정보 없음,"음료 미포함 24시간 무제한 30일 이용권150,000원음료 포함 24시간 무제한 30일 이용권180,000원아메리카노1,800원1시간권2,000원3시간권4,500원8시간권10,000원1일권15,000원야간권6,000원",https://www.instagram.com/lang.study_jamsil/,"단체 이용 가능, 무선 인터넷, 남/녀 화장실 구분, 포장, 예약",방문자 리뷰 110,블로그 리뷰 109,송파구,종합운동장역,별점 4.21,가격정보 없음
이잼스터디카페 대치점,서울 강남구 선릉로62길 37 지하1층,한티역 2번출구에서 261m,번호정보 없음,가격정보 없음,https://easemdc.modoo.at,"단체 이용 가능, 예약, 남/녀 화장실 구분, 무선 인터넷",방문자 리뷰 7,블로그 리뷰 2,강남구,한티역,,가격정보 없음
위캔스터디카페 대치본점,서울 강남구 도곡로 440 위캔스터디카페 대치본점,한티역 3번출구에서 437m,0507-1325-3010,가격정보 없음,https://wecanstudycafedaechi.modoo.at,"무선 인터넷, 남/녀 화장실 구분, 예약, 단체 이용 가능",방문자 리뷰 83,블로그 리뷰 10,강남구,한티역,,가격정보 없음
엘 스터디카페,"서울 강남구 삼성로51길 6 3F 스터디카페 / B1 스터디룸,미팅룸",대치역 2번출구에서 394m,0507-1406-0195,가격정보 없음,https://app.ddakeasy.com/office/?id=104&fid=1,"예약, 무선 인터넷",,블로그 리뷰 2,강남구,대치역,,가격정보 없음
이룸 스파르타 관리형 스터디카페/독서실,서울 강남구 선릉로 227 진달래상가 5층 502호,한티역 5번출구에서 45m,0507-1364-1461,가격정보 없음,https://erumstudycafe.modoo.at,"단체 이용 가능, 주차, 예약, 무선 인터넷, 남/녀 화장실 구분",방문자 리뷰 19,블로그 리뷰 3,강남구,한티역,,가격정보 없음
하우스터디독서실 대치2센터,서울 강남구 삼성로51길 25 2층,대치역 1번출구에서 347m,02-554-4555,가격정보 없음,https://blog.naver.com/haustudydc22,"예약, 단체 이용 가능, 무선 인터넷, 남/녀 화장실 구분",방문자 리뷰 30,블로그 리뷰 10,강남구,대치역,,가격정보 없음
지니스페이스,서울 강남구 개포로 623 대청타워 915호,대청역 1번출구에서 20m,0507-1367-1673,"지니스페이스 렌트 (4인 2시간)36,000원",URL정보 없음,"무선 인터넷, 주차",방문자 리뷰 7,,강남구,대청역,,"4인 - 1시간 18,000원, 4인 - 2시간 36,000원"
도동스터디카페,"서울 강남구 삼성로 155 지하층 비101호, 비102호",대치역 7번출구에서 13m,0507-1375-1117,가격정보 없음,URL정보 없음,"남/녀 화장실 구분, 무선 인터넷, 간편결제, 주차",방문자 리뷰 53,블로그 리뷰 7,강남구,대치역,,가격정보 없음
비전스터디카페 잠실점,서울 송파구 백제고분로 122 A동 5층,종합운동장역 9번출구에서 713m,0507-1447-1340,가격정보 없음,URL정보 없음,"무선 인터넷, 남/녀 화장실 구분, 단체 이용 가능, 예약, 대기공간, 주차",방문자 리뷰 80,블로그 리뷰 73,송파구,종합운동장역,,가격정보 없음
스터디룸울력 강남점,서울 서초구 강남대로61길 10 708호,강남역 10번출구에서 196m,0507-1310-8736,가격정보 없음,https://youtube.com/channel/UCVNrV_oR0u7jJfkBLgZy5Bg?si=erwYHtXq_81uvlPV,"무선 인터넷, 예약",방문자 리뷰 6,,서초구,강남역,,가격정보 없음
옐로스톤 스터디룸,서울 강남구 강남대로94길 21,강남역 11번출구에서 202m,0507-1383-8777,가격정보 없음,http://www.yellowstudy.com/,주차,방문자 리뷰 149,블로그 리뷰 154,강남구,강남역,별점 4.33,가격정보 없음
허슬버슬 스터디룸&공유오피스,서울 강남구 강남대로98길 17 3층 허슬버슬,강남역 11번출구에서 326m,0507-1430-6012,"평일/주말 2시간(1인기준/최소3인)4,000원평일/주말 3시간(1인기준/최소3인)6,000원평일/주말 4시간(1인기준/최소3인)8,000원평일/주말 5시간(1인기준/최소3인)10,000원평일/주말 6시간(1인기준/최소3인)12,000원주말 예약시 음료추천(최대50%할인)2,000~6,000원",https://hustle.modoo.at/,"단체 이용 가능, 예약, 무선 인터넷, 남/녀 화장실 구분, 주차",방문자 리뷰 102,블로그 리뷰 50,강남구,강남역,별점 4.95,"최소3인 - 2시간 12,000원, 최소3인 - 3시간 18,000원, 최소3인 - 4시간 24,000원, 최소3인 - 5시간 30,000원, 최소3인 - 6시간 36,000원"
트레바리 스터디룸,서울 강남구 강남대로92길 19 4층,강남역 11번출구에서 153m,0507-1431-6077,"공간 1시간 대여30,000원",https://trevari.co.kr/,"예약, 남/녀 화장실 구분",방문자 리뷰 16,블로그 리뷰 6,강남구,강남역,,"1시간 30,000원"
ENI스터디룸,서울 강남구 강남대로94길 9 크리스탈빌딩 3층,강남역 11번출구에서 115m,02-555-5284,가격정보 없음,http://cafe.naver.com/studyeni,"단체 이용 가능, 예약, 무선 인터넷, 남/녀 화장실 구분",방문자 리뷰 42,블로그 리뷰 80,강남구,강남역,별점 4.33,가격정보 없음
공간이즈 스터디룸 스터디카페,서울 서초구 서초대로78길 44 나산스위트빌딩502호,강남역 5번출구에서 197m,0507-1360-1335,가격정보 없음,http://pf.kakao.com/_znCxjj,주차,방문자 리뷰 105,블로그 리뷰 61,서초구,강남역,,가격정보 없음
강남 스터디룸 망고 모임공간,서울 서초구 서초대로77길 9 누드죤빌딩 9층,강남역 10번출구에서 66m,0507-1403-9848,"1인 - 1시간 ( 평일, 주말동일 )2,500원키위룸 ( 24인 ) - 1시간55,000원망고대형룸 ( 40인 ) - 1시간99,000원",http://www.mangospace.co.kr/,"예약, 단체 이용 가능, 무선 인터넷, 남/녀 화장실 구분",방문자 리뷰 19,블로그 리뷰 205,서초구,강남역,,"1인 - 1시간 2,500원, 키위룸 (24인) - 1시간 55,000원, 망고대형룸 (40인) - 1시간 99,000원"
초심스터디카페 강남역점,서울 강남구 강남대로92길 13 5층 초심스터디카페,강남역 11번출구에서 110m,0507-1354-7303,"2시간4,000원4시간8,000원50시간70,000원150시간180,000원200시간220,000원3주 자유석90,000원4주 고정석200,000원1주 자유석45,000원2주 고정석120,000원스터디룸 4인실(1시간)8,000원",https://www.instagram.com/chosim_gangnam,"단체 이용 가능, 무선 인터넷, 남/녀 화장실 구분",방문자 리뷰 74,블로그 리뷰 45,강남구,강남역,별점 4.08,"4인실 - 1시간 8,000원, 4인실 - 2시간 4,000원, 4인실 - 4시간 8,000원"
에스랩 스터디카페 & 스터디룸 1호점,서울 서초구 강남대로51길 10 효성해링턴타워 2층 에스랩 스터디카페 1호점,강남역 5번출구에서 506m,0507-1402-1624,"신규 체험 신청 - 카카오채널 문의무료아메리카노,아이스티,핫초코,밀크티무료스터디룸 - 최대 4인8,000원2시간4,000원3시간5,500원30시간50,500원50시간79,000원100시간146,000원4주 240시간 (이벤트)변동4주 회원권 (이벤트)변동",http://pf.kakao.com/_xoKmpu,"주차, 무선 인터넷, 남/녀 화장실 구분, 예약, 단체 이용 가능",방문자 리뷰 115,블로그 리뷰 62,서초구,강남역,별점 4.19,"4인실 - 2시간 4,000원, 4인실 - 3시간 5,500원, 4인실 - 30시간 50,500원, 4인실 - 100시간 146,000원"
우주런 랭귀지 스페이스,서울 강남구 강남대로96길 5 4층,강남역 11번출구에서 137m,0507-1386-3039,"스터디 좌석(2시간)4,000원스터디 좌석(3시간)6,000원스터디 좌석(5시간)9,000원스터디 좌석(8시간)13,000원스터디 좌석(12시간)18,000원1인 화상 회의실(1시간)4,000원그룹 미팅룸(1시간)15,000원스터디 좌석(1주)50,000원스터디 좌석(2주)80,000원스터디 좌석(4주)140,000원",http://wujulearn.com/,"무선 인터넷, 남/녀 화장실 구분, 예약, 단체 이용 가능, 간편결제",방문자 리뷰 61,블로그 리뷰 93,강남구,강남역,,"1인 - 1시간 4,000원, 1인 - 2시간 4,000원, 1인 - 3시간 6,000원, 1인 - 5시간 9,000원, 1인 - 8시간 13,000원, 1인 - 12시간 18,000원, 1인 화상 회의실 - 1시간 4,000원, 그룹 미팅룸 - 1시간 15,00"
콜립 라운지 스터디&워크,서울 강남구 테헤란로 113 목화밀라트,강남역 12번출구에서 140m,0507-1338-6956,"룸A - 평일 (기본 6인 1시간)18,000원룸B - 평일 (기본 4인 1시간)12,000원룸A - 주말 (기본 6인 1시간)21,000원룸B - 주말 (기본 4인 1시간)14,000원",http://pf.kakao.com/_pGqxmG/chat,"단체 이용 가능, 예약, 무선 인터넷, 주차",방문자 리뷰 36,블로그 리뷰 7,강남구,강남역,,"6인실 - 주중 - 1시간 18,000원, 6인실 - 주말 - 1시간 21,000원, 4인실 - 주중 - 1시간 12,000원, 4인실 - 주말 - 1시간 14,000원"
강남역 스터디룸 공간 가치,서울 서초구 강남대로65길 12 902호,강남역 10번출구에서 356m,0507-1351-0012,"평일(월화수목) 1시간1,800~2,300원주말(금토일) 1시간2,000~3,000원",https://www.spacecloud.kr/space/62243,"단체 이용 가능, 예약, 무선 인터넷",,,서초구,강남역,,"주중 - 1시간 1,800원~2,300원, 주말/공휴일 - 1시간 2,000원~3,000원"
제이에듀 모임공간,서울 강남구 강남대로 456 한석타워 15층 1502호,신논현역 6번출구에서 22m,02-568-6490,"class 2 (4인/2시간)30,000원class 1 (30인/2시간)220,000원",https://open.kakao.com/o/s5ZIc2Uf,"예약, 무선 인터넷, 남/녀 화장실 구분, 단체 이용 가능, 간편결제",방문자 리뷰 3,,강남구,신논현역,,"4인실 - 1시간 15,000원, 30인실 - 1시간 110,000원"
코지모임공간 강남역 5호점,서울 서초구 서초대로78길 38 호정빌딩 7층,강남역 5번출구에서 118m,0507-1336-2564,"4인실 (SPACE1,2,5,6)8,000원8인실 (SPACE 3)20,000원10인실 (SPACE 8)25,000원12인실 (SPACE 7)30,000원24인실 (세미나 2)72,000원36인실 (세미나 1)90,000원42인실 (세미나 3)126,000원",https://www.instagram.com/cozymoim,"단체 이용 가능, 남/녀 화장실 구분, 예약, 무선 인터넷, 간편결제, 주차",방문자 리뷰 61,블로그 리뷰 85,서초구,강남역,별점 4.2,"4인실 - 1시간 4,000원, 8인실 - 1시간 20,000원, 10인실 - 1시간 25,000원, 12인실 - 1시간 30,000원, 24인실 - 1시간 72,000원, 36인실 - 1시간 90,000원, 42인실 - 1시간 126,000원"
예인스페이스,서울 서초구 서초대로77길 9 4층,강남역 10번출구에서 66m,02-3481-1212,"60인실/1시간/2시간부터/VAT포함110,000원32인실/1시간/2시간부터/VAT포함66,000원7~12인실/1시간(기본2시간부터)17,500~30,000원6~9인실/1시간(기본2시간부터)15,000~22,500원",https://www.yeinspace.com/,"예약, 단체 이용 가능, 무선 인터넷, 남/녀 화장실 구분, 대기공간, 간편결제",방문자 리뷰 43,블로그 리뷰 261,서초구,강남역,별점 4.75,"60인실 - 1시간 110,000원, 32인실 - 1시간 66,000원, 7~12인실 - 1시간 17,500원~30,000원, 6~9인실 - 1시간 15,000원~22,500원"
블루웨일스페이스 2호점,서울 서초구 강남대로65길 12 1002호,강남역 10번출구에서 356m,번호정보 없음,"문의는 카카오톡 ""블루웨일스페이스""무료2호점페이지에서 2~5호점 예약가능무료1월 평일 낮 1시간9,000원1월 평일 밤 1시간19,000원",http://pf.kakao.com/_LkYxhn,"단체 이용 가능, 예약, 무선 인터넷",방문자 리뷰 14,블로그 리뷰 10,서초구,강남역,,가격정보 없음
오픈스페이스,서울 서초구 강남대로61길 10 센터프라자빌딩,강남역 10번출구에서 196m,0507-1438-0450,올나잇(20:00-09:00)변동올데이(11:00-18:00)변동,https://www.spacecloud.kr/space/40893,"예약, 단체 이용 가능, 무선 인터넷, 포장, 배달, 간편결제",,블로그 리뷰 5,서초구,강남역,,가격정보 없음
강남311 스터디카페,서울 서초구 강남대로65길 12 311호,강남역 10번출구에서 356m,0507-1420-3125,"주말 오전 09:00-오후 24:003,000원주말 오전 00:00-오전 08:002,000원평일 오후 18:00-오전 24:002,500원평일 오전 09:00-오후 18:001,800원평일 오전 00:00-오전 08:001,000원",https://blog.naver.com/gangnam311-,"무선 인터넷, 예약, 단체 이용 가능, 포장, 배달, 대기공간, 반려동물 동반, 남/녀 화장실 구분, 간편결제, 주차",방문자 리뷰 31,블로그 리뷰 8,서초구,강남역,,"주중 - 1시간 1,000원~1,800원, 주말/공휴일 - 1시간 2,000원~3,000원"
블루웨일스페이스 5호점,서울 서초구 강남대로65길 12 6층 713호,강남역 10번출구에서 356m,0504-1380-3980,"일~목 1시간8,000원올나잇79,000원",https://naver.me/FfeykyJQ,예약,방문자 리뷰 4,,서초구,강남역,,"주중 - 1시간 8,000원, 올나イト 79,000원"
블루웨일스페이스 4호점,서울 서초구 강남대로65길 12 5층 611호,강남역 10번출구에서 356m,0504-3220-6578,"강남 4호점 올나잇89,000원",https://naver.me/FfeykyJQ,"예약, 무선 인터넷",방문자 리뷰 1,블로그 리뷰 2,서초구,강남역,,가격정보 없음
회의실 스터디룸 공간 토브 단독룸,서울 구로구 경인로 661 신도림푸르지오 101동 핀포인트타워 15층 1504호,신도림역 1번출구에서 474m,0507-1381-5970,"1시간 (4인기준)10,000원",URL정보 없음,"단체 이용 가능, 무선 인터넷, 남/녀 화장실 구분, 예약, 간편결제, 주차",방문자 리뷰 23,블로그 리뷰 4,구로구,신도림역,,"4인 - 1시간 10,000원"
엘더스터디카페 영등포점,서울 영등포구 영신로19길 28 4층,영등포역 4번출구에서 249m,0507-1365-2313,"시간충전권 50시간70,000원시간충전권 100시간120,000원기간 이용권 1주40,000원기간 이용권 2주70,000원기간 이용권 4주130,000원스터디룸(6인,시간당)7,000원사물함 4주10,000원",http://lderydp.modoo.at,"단체 이용 가능, 예약, 무선 인터넷, 남/녀 화장실 구분, 간편결제",방문자 리뷰 78,블로그 리뷰 10,영등포구,영등포역,별점 4.57,"6인 - 1시간 7,000원"
골든스터디카페 신도림점,서울 구로구 경인로65길 44 5층,신도림역 1번출구에서 631m,번호정보 없음,"스터디룸 정기권(전화문의)변동2시간3,000원4시간6,000원6시간8,000원12시간12,000원1주50,000원2주80,000원3주110,000원4주140,000원50시간70,000원",https://blog.naver.com/sindorim_studycafe,"단체 이용 가능, 무선 인터넷, 주차, 남/녀 화장실 구분",방문자 리뷰 125,블로그 리뷰 58,구로구,신도림역,별점 4.63,가격정보 없음
멘토즈스터디카페 신도림점,서울 구로구 경인로59길 8 8층 815~817호,구로역 3번출구에서 583m,0507-1331-5209,"당일권 2시간4,000원당일권 4시간7,000원당일권 6시간10,000원당일권 8시간12,000원당일권 12시간16,000원시간권 30시간 (4주)50,000원시간권 50시간 (8주)80,000원시간권 100시간 (16주)140,000원기간권 1주 (7일)50,000원기간권 2주(14일)90,000원",https://www.instagram.com/mentors_sindorim/,주차,방문자 리뷰 18,블로그 리뷰 167,구로구,구로역,,"4인실 - 2시간 4,000원, 4인실 - 4시간 7,000원, 4인실 - 6시간 10,000원, 4인실 - 8시간 12,000원, 4인실 - 12시간 16,000원"
미니스터디카페 신도림점,서울 구로구 경인로59길 8 809호,구로역 3번출구에서 583m,0507-1481-4482,"1시간1,800원2시간3,000원4시간5,000원6시간6,000원8시간7,000원",http://신도림스터디카페.net,"무선 인터넷, 단체 이용 가능",방문자 리뷰 32,블로그 리뷰 7,구로구,구로역,,"1시간 1,800원, 2시간 3,000원, 4시간 5,000원, 6시간 6,000원, 8시간 7,000원"
기본스터디카페 신도림점,"서울 구로구 경인로65길 44 2층 201호, 202호",신도림역 1번출구에서 631m,0507-1474-0299,가격정보 없음,URL정보 없음,비고 없음,방문자 리뷰 16,블로그 리뷰 3,구로구,신도림역,,가격정보 없음
위너스터디카페 신도림점,서울 구로구 경인로59길 8 태영프라자 5층 501호,구로역 3번출구에서 583m,070-7537-0906,"2시간3,500원4시간5,900원6시간7,900원8시간9,900원12시간11,900원",URL정보 없음,"주차, 남/녀 화장실 구분, 무선 인터넷, 단체 이용 가능, 예약",방문자 리뷰 92,블로그 리뷰 4,구로구,구로역,,"0인실 - 2시간 3,500원, 0인실 - 4시간 5,900원, 0인실 - 6시간 7,900원, 0인실 - 8시간 9,900원, 0인실 - 12시간 11,900원"
민현원 스터디룸 미팅룸 잠실,서울 송파구 올림픽로 336 대우유토피아오피스텔 902호,잠실역 10번출구에서 346m,0507-1353-5610,"시간당 (1인기준)2,500원",https://blog.naver.com/minhyunwon,"단체 이용 가능, 주차, 예약, 무선 인터넷",방문자 리뷰 98,블로그 리뷰 7,송파구,잠실역,,"1인 - 1시간 2,500원, 2시간 5,000원, 4시간 10,000원, 6시간 15,000원"
이룸 스터디룸 회의실 잠실점,서울 송파구 올림픽로 336,잠실역 10번출구에서 265m,0507-1352-5439,"1인 1시간당2,500원",https://thisroom.imweb.me/20,"단체 이용 가능, 예약, 무선 인터넷, 주차",방문자 리뷰 3,블로그 리뷰 4,송파구,잠실역,,"1인 - 1시간 2,500원, 2시간 5,000원, 4시간 10,000원, 6시간 15,000원"
시너지스페이스 스터디룸 잠실점,서울 송파구 올림픽로35길 124 장미상가 A동 312호,잠실역 7번출구에서 497m,0507-1352-3774,가격정보 없음,http://pf.kakao.com/_tRXun,"예약, 무선 인터넷, 남/녀 화장실 구분, 주차",방문자 리뷰 51,블로그 리뷰 4,송파구,잠실역,,가격정보 없음
멘토즈스터디카페 잠실푸르지오점,"서울 송파구 올림픽로35가길 9 지하1층 21, 22호",잠실역 9번출구에서 441m,0507-1389-2673,"당일권 2시간4,000원당일권 4시간70,000원당일권 6시간10,000원당일권 8시간12,000원당일권 12시간16,000원시간권 30시간 (8주)50,000원시간권 50시간 (10주)80,000원시간권 100시간 (16주)140,000원시간권 200시간 (32주)250,000원기간권 1주권 (7일)50,000원",https://www.instagram.com/mentors_jamsil/,"무선 인터넷, 남/녀 화장실 구분, 주차",방문자 리뷰 6,블로그 리뷰 21,송파구,잠실역,,가격정보 없음
스터디카페ON24 잠실점,서울 송파구 삼전로 102 삼전빌딩 지하1층,삼전역 2번출구에서 404m,번호정보 없음,"2시간4,000원4시간7,000원6시간9,000원8시간10,000원12시간15,000원50시간 충전권85,000원100시간 충전권160,000원150시간 충전권200,000원200시간 충전권240,000원4인 스터디룸7,000원",http://on24jamsil.modoo.at,"주차, 단체 이용 가능, 예약, 무선 인터넷, 남/녀 화장실 구분",방문자 리뷰 39,블로그 리뷰 3,송파구,삼전역,,"4인실 - 2시간 2,000원, 4인실 - 4시간 1,750원, 4인실 - 6시간 1,500원, 4인실 - 8시간 1,250원, 4인실 - 12시간 1,250원, 4인실 - 1시간 1,750원"
위넌스터디카페 잠실학원사거리점,서울 송파구 석촌호수로 106 2F,잠실새내역 2번출구에서 492m,번호정보 없음,"(Study Zone) 2시간5,000원(Study Zone) 4시간8,000원(Study Zone) 6시간10,000원(Study Zone) 9시간13,000원(Study Zone) 12시간16,000원(Study Zone) 정기권 1주50,000원(Study Zone) 정기권 2주70,000원(이벤트가격) 정기권 4주85,000원(Study Zone) 정액시간권 50시간60,000원(이벤트가격) 정액시간권 100시간85,000원",URL정보 없음,"무선 인터넷, 남/녀 화장실 구분",방문자 리뷰 92,블로그 리뷰 77,송파구,잠실새내역,별점 4.7,"Study Zone - 2시간 5,000원, Study Zone - 4시간 8,000원, Study Zone - 6시간 10,000원, Study Zone - 9시간 13,000원, Study Zone - 12시간 16,000원"
스터디카페 엘로이 삼전역점,"서울 송파구 백제고분로 198 401호(삼전동, GM빌딩)",삼전역 3번출구에서 13m,0507-1355-1540,"[충전권] 100시간110,000원[기간권 자유석] 4주 일15시간130,000원[실시간권] 1시간당1,500원[1회권] 3시간4,000원[1회권] 6시간6,000원[1회권] 9시간8,000원[1회권] 12시간10,000원[충전권] 50시간60,000원[충전권] 200시간200,000원[기간권 자유석] 2주 일10시간70,000원",https://studymoa.me/,"단체 이용 가능, 무선 인터넷, 남/녀 화장실 구분, 예약",방문자 리뷰 2,블로그 리뷰 4,송파구,삼전역,,가격정보 없음
라온서가 스터디카페,서울 송파구 석촌호수로 68 3층 301호,잠실새내역 3번출구에서 161m,0507-1334-5228,"스터디카페 자유석(1시간)2,000원포커스석 1일 요금9,000원1인실 1일 요금10,000원자유석 기간권(4주)160,000원자유석 시간패키지 30시간45,000원자유석 시간패키지 120시간*이벤트중150,000원스터디룸(4인실) 1시간7,000원워크존(1시간)2,000원자유석 시간패키지 60시간*이벤트중*80,000원자유석 시간패키지 180시간*이벤트중210,000원",https://blog.naver.com/raonseoga,"무선 인터넷, 남/녀 화장실 구분, 단체 이용 가능, 예약",방문자 리뷰 54,블로그 리뷰 11,송파구,잠실새내역,별점 4.6,"4인실 - 1시간 7,000원, 1인실 - 1시간 10,000원, 0인 - 1시간 2,000원"
스터디카페 다온,서울 송파구 올림픽로35길 124 장미에이상가 4층 스터디카페 다온,잠실역 7번출구에서 497m,번호정보 없음,가격정보 없음,http://www.instagram.com/studycafe_daon,"단체 이용 가능, 예약, 무선 인터넷, 주차, 남/녀 화장실 구분, 장애인 편의시설",방문자 리뷰 14,블로그 리뷰 5,송파구,잠실역,,가격정보 없음
이지스스터디카페 잠실새내점,서울 송파구 올림픽로 119 잠실파인애플상가 지하 2층 이지스스터디카페,잠실새내역 5번출구에서 20m,번호정보 없음,"스터디룸2(4인실) 2시간12,000원스터디룸1(3인실) 2시간10,000원[일일권] 2시간4,000원[일일권] 3시간5,000원[일일권] 4시간6,000원[일일권] 5시간7,000원[시간제정액권] 50시간68,000원[시간제정액권] 100시간130,000원[시간제정액권] 150시간190,000원[시간제정액권] 200시간250,000원",http://pf.kakao.com/_axninxj,"남/녀 화장실 구분, 무선 인터넷",방문자 리뷰 88,블로그 리뷰 5,송파구,잠실새내역,별점 4.89,"4인실 - 1시간 6,000원, 3인실 - 1시간 5,000원, 1시간 2,000원~3,500원"
시작스터디카페 잠실새내2호점,서울 송파구 올림픽로12길 4 지하 1층 경중빌딩,잠실새내역 4번출구에서 191m,0507-1302-7983,"일일이용권 1시간3,000원일일이용권 2시간5,000원일일이용권 3시간6,000원일일이용권 4시간8,000원일일이용권 5시간10,000원일일이용권 6시간12,000원일일이용권7시간14,000원일일이용권 8시간16,000원일일이용권 9시간18,000원일일이용권12시간20,000원",URL정보 없음,"무선 인터넷, 단체 이용 가능, 주차",방문자 리뷰 45,블로그 리뷰 8,송파구,잠실새내역,별점 4.52,"일일이용권 - 1시간 3,000원, 일일이용권 - 2시간 5,000원, 일일이용권 - 3시간 6,000원, 일일이용권 - 4시간 8,000원, 일일이용권 - 5시간 10,000원, 일일이용권 - 6시간 12,000원, 일일이용권 - 7시간 14,000원, 일일이용권 -"
스터디센터 한강 잠실 본점,서울 송파구 올림픽로37길 130 에이동 3층 312호,잠실나루역 2번출구에서 76m,02-422-1692,가격정보 없음,https://hankangstudy.modoo.at,"무선 인터넷, 남/녀 화장실 구분, 주차",방문자 리뷰 25,블로그 리뷰 2,송파구,잠실나루역,,가격정보 없음
비온탑스터디카페 풍납점,서울 송파구 토성로 21 지하1층,강동구청역 4번출구에서 889m,0507-1373-0852,"스터디룸(6인) 1시간6,000원4주 기간권120,000원4주 고정석150,000원24시간 (종일권)15,000원10시간10,000원8시간9,000원6시간7,000원4시간5,000원2시간3,000원",http://http//xn--2z1b67o9rd3oerrnwqdbta87m.com/,무선 인터넷,방문자 리뷰 1,블로그 리뷰 14,송파구,강동구청역,,"6인 - 1시간 6,000원, 6인 - 2시간 3,000원, 6인 - 4시간 5,000원, 6인 - 6시간 7,000원, 6인 - 8시간 9,000원, 6인 - 10시간 10,000원, 6인 - 24시간 15,000원"
루브르 스터디카페 송파 풍납점,서울 송파구 강동대로9길 14-1,강동구청역 4번출구에서 617m,0507-1321-3698,가격정보 없음,https://blog.naver.com/louvrecafe,"남/녀 화장실 구분, 무선 인터넷, 단체 이용 가능",방문자 리뷰 47,블로그 리뷰 6,송파구,강동구청역,,가격정보 없음
리더스스터디카페 잠실점,서울 송파구 석촌호수로 98 3층,삼전역 1번출구에서 468m,0507-1389-0914,가격정보 없음,http://ldcafe.co.kr/default/sub3/jam.php,"무선 인터넷, 단체 이용 가능, 남/녀 화장실 구분, 예약",방문자 리뷰 170,블로그 리뷰 186,송파구,삼전역,별점 4.89,가격정보 없음
리얼스페이스 잠실점,서울 송파구 백제고분로 159 바위빌딩 5층,삼전역 1번출구에서 273m,070-4112-4334,가격정보 없음,https://blog.naver.com/realspace01,"단체 이용 가능, 무선 인터넷, 남/녀 화장실 구분",방문자 리뷰 63,블로그 리뷰 99,송파구,삼전역,,가격정보 없음
바투스터디카페,서울 송파구 풍성로24길 42 현대리버빌2차 상가동 B1층,강동구청역 5번출구에서 521m,0507-1484-7479,가격정보 없음,https://youtube.com/@batoostudy,"단체 이용 가능, 예약, 무선 인터넷, 남/녀 화장실 구분",방문자 리뷰 74,블로그 리뷰 1,송파구,강동구청역,,가격정보 없음
토즈모임센터 서울대입구점,서울 관악구 남부순환로 1808 관악센츄리타워 2층 토즈모임센터 서울대입구점,서울대입구역 4번출구에서 113m,02-889-9662,"A룸 모임공간(1~2인) / 1시간5,500원B룸 모임공간(2~3인) / 1시간9,000원C룸 모임공간(3~6인) / 1시간14,000원D룸 모임공간(4~8인) / 1시간17,500원세미나실(중형) 4~12인 / 1시간30,000원세미나실(대형) 5~20인 / 1시간40,500원워크센터/스터디카페 오픈석 1시간2,000원워크센터/스터디카페 독립석 1시간3,000원워크센터/스터디카페 VIP석 1시간4,000원",https://blog.naver.com/toz8899662,"단체 이용 가능, 남/녀 화장실 구분, 무선 인터넷, 예약, 간편결제, 주차",방문자 리뷰 721,블로그 리뷰 89,관악구,서울대입구역,별점 4.81,"1~2인 - 1시간 5,500원, 2~3인 - 1시간 9,000원, 3~6인 - 1시간 14,000원, 4~8인 - 1시간 17,500원, 4~12인 - 1시간 30,000원, 5~20인 - 1시간 40,500원, 1인 - 1시간 2,000원, 1인 - 1"
시드스터디카페 낙성대역점,서울 관악구 남부순환로 1952 B1,낙성대역 1번출구에서 124m,0507-1334-5200,"일회시간권 2시간3,000원일회시간권 3시간4,000원일회시간권 4시간5,000원일회시간권 6시간7,000원일회시간권 9시간8,000원일회시간권 12시간10,000원시간충전권 30시간(유효1년)50,000원시간충전권 50시간(유효1년)70,000원시간충전권 100시간(유효1년)120,000원시간충전권 200시간(유효1년)200,000원",http://pf.kakao.com/_qpNtxb,"무선 인터넷, 남/녀 화장실 구분, 예약, 단체 이용 가능, 간편결제",방문자 리뷰 127,블로그 리뷰 73,관악구,낙성대역,별점 4.69,가격정보 없음
서울대입구역 스터디룸 greego,서울 관악구 남부순환로 1802 1동 4층 408호,서울대입구역 4번출구에서 173m,0504-1381-0451,"월~금 05:00~06:001,000원월~금 06:00~09:001,500원월~금 09:00~18:002,000원월~금 18:00~24:002,500원주말/공휴일 05:00~08:001,500원주말/공휴일 08:00~24:002,500원",https://www.spacecloud.kr/space/60608,"무선 인터넷, 예약, 단체 이용 가능, 간편결제",방문자 리뷰 18,블로그 리뷰 4,관악구,서울대입구역,,"주중 - 1시간 1,000원~2,500원, 주말/공휴일 - 1시간 1,500원~2,500원"
스터디룸 제이 서울대점,서울 관악구 남부순환로 1808 1003호,서울대입구역 4번출구에서 113m,0507-1387-9946,"스터디룸제이1,500원",https://booking.naver.com/,"무선 인터넷, 예약, 단체 이용 가능, 주차",방문자 리뷰 91,블로그 리뷰 10,관악구,서울대입구역,,가격정보 없음
스터디룸제이 서울대2호점,서울 관악구 남부순환로 1808 906호,서울대입구역 4번출구에서 113m,0507-1319-9978,가격정보 없음,https://blog.naver.com/day0720,"단체 이용 가능, 예약, 무선 인터넷, 간편결제, 주차",방문자 리뷰 39,블로그 리뷰 3,관악구,서울대입구역,,가격정보 없음
작심스터디카페 서울대입구역점,"서울 관악구 남부순환로 1833 2층, 3층",서울대입구역 8번출구에서 58m,02-3285-0910,"2시간3,500원3시간5,000원4시간6,500원5시간8,000원6시간9,000원8시간11,000원10시간13,000원정액시간권 30시간50,000원정액시간권 50시간80,000원정액시간권 100시간140,000원",https://blog.naver.com/zssnu,"남/녀 화장실 구분, 무선 인터넷, 단체 이용 가능",방문자 리뷰 207,블로그 리뷰 22,관악구,서울대입구역,별점 4.77,가격정보 없음
시작스터디카페 서울대입구역직영점,서울 관악구 남부순환로 1861 2층 203호,서울대입구역 8번출구에서 373m,02-877-2322,"1시간2,000원2시간3,000원4시간5,000원6시간6,000원8시간7,000원12시간12,000원30시간(60일)40,000원50시간(90일)70,000원100시간(180일)110,000원200시간(300일)190,000원",https://sizakstudyseouluni.modoo.at/,주차,방문자 리뷰 69,블로그 리뷰 35,관악구,서울대입구역,,"4인실 - 1시간 2,000원, 4인실 - 2시간 3,000원, 4인실 - 4시간 5,000원, 4인실 - 6시간 6,000원, 4인실 - 8시간 7,000원, 4인실 - 12시간 12,000원"
모임공간르씨엘 2호점,서울 관악구 남부순환로 1808 관악센츄리타워 13층 7호,서울대입구역 4번출구에서 113m,0507-1431-0858,가격정보 없음,https://www.spacecloud.kr/space/60811,"단체 이용 가능, 무선 인터넷, 주차",,블로그 리뷰 2,관악구,서울대입구역,,가격정보 없음
버들골스터디카페 서울대입구역점,서울 관악구 남부순환로 1848 6층,서울대입구역 1번출구에서 190m,0507-1383-7807,가격정보 없음,https://www.instagram.com/budulgol_snu?igshid=OGQ5ZDc2ODk2ZA==,"남/녀 화장실 구분, 무선 인터넷",방문자 리뷰 62,블로그 리뷰 25,관악구,서울대입구역,,가격정보 없음
플랜에이스터디카페 서울대입구역센터,서울 관악구 남부순환로 1797 3층,서울대입구역 5번출구에서 227m,0507-1355-5171,가격정보 없음,http://pf.kakao.com/_HiJDK,"단체 이용 가능, 예약, 무선 인터넷, 남/녀 화장실 구분",방문자 리뷰 208,블로그 리뷰 6,관악구,서울대입구역,별점 4.92,가격정보 없음
모임공간 모락 서울대입구점,서울 관악구 남부순환로 1808 관악센츄리타워 9층 903호,서울대입구역 4번출구에서 113m,0504-0905-2925,"[평일] 00시~12시 / 시간(인)1,500원[평일] 12시~18시 / 시간(인)2,000원[평일] 18시~24시 / 시간(인)2,500원[주말] 00시~08시 / 시간(인)2,000원[주말] 08시~24시 / 시간(인)2,500원",https://www.spacecloud.kr/space/15621,"무선 인터넷, 단체 이용 가능, 주차",,블로그 리뷰 15,관악구,서울대입구역,,"주중 - 1시간 1,500원~2,500원, 주말/공휴일 - 1시간 2,000원~2,500원"
모임공간 어제그곳,서울 관악구 남부순환로 1808 8층 12호,서울대입구역 4번출구에서 113m,0507-1369-8679,"[평일] 00시~08시/시간(인)1,000원[평일] 08시~12시/시간(인)1,500원[평일] 12시~18시/시간(인)2,000원[평일] 18시~24시/시간(인)2,500원[주말] 00시~06시/시간(인)2,500원[주말] 06시~12시/시간(인)2,000원[주말] 12시~24시/시간(인)2,500원",https://blog.naver.com/yesterdayspot,"단체 이용 가능, 예약, 무선 인터넷, 주차",,블로그 리뷰 9,관악구,서울대입구역,,"주중 - 1시간 1,000원~2,500원, 주말/공휴일 - 1시간 2,000원~2,500원"
엘더스터디카페 서울대입구점,서울 관악구 행운1길 40 2층,서울대입구역 8번출구에서 438m,0507-1387-0152,"시간 충전권 50시간60,000원시간 충전권 100시간110,000원기간 이용권 1주권40,000원기간 이용권 2주권70,000원기간 이용권 4주권120,000원스터디룸(6인,1시간)6,000원사물함 4주10,000원",https://ldersnu.modoo.at,"단체 이용 가능, 예약, 무선 인터넷, 남/녀 화장실 구분, 주차",방문자 리뷰 53,블로그 리뷰 15,관악구,서울대입구역,별점 4.11,"6인실 - 1시간 6,000원"
모임공간 르씨엘 1호점,서울 관악구 남부순환로 1808 11층 7호,서울대입구역 4번출구에서 113m,0507-1321-0335,"(평일) 00시~08시 / 시간(인)1,000원(평일) 08시-12시 / 시간(인)1,500원(평일) 12시~18시 / 시간(인)2,000원(평일) 18시~24시 / 시간(인)2,500원(주말) 00시-08시 / 시간(인)1,500원(주말) 08시-24시 / 시간(인)2,500원",https://www.spacecloud.kr/space/47190?type=search,"예약, 무선 인터넷, 단체 이용 가능, 주차",,블로그 리뷰 6,관악구,서울대입구역,,"주중 - 1시간 1,000원~2,500원, 주말/공휴일 - 1시간 1,500원~2,500원"
모임공간 우린 서울대입구역점,서울 관악구 남부순환로 1808 제1113호,서울대입구역 4번출구에서 113m,0507-1331-8656,"주말. 공휴일 0~9시1,000원주말. 공휴일 9~24시2,000원평일 0~8시1,000원평일 8~12시1,200원평일 12~18시1,900원평일 18~24시2,000원",URL정보 없음,"단체 이용 가능, 주차",방문자 리뷰 11,블로그 리뷰 1,관악구,서울대입구역,,"주중 - 1시간 1,000원~2,000원, 주말/공휴일 - 1시간 1,000원~2,000원"
모임공간 모락 서울대입구2호점,서울 관악구 남부순환로 1808 관악센츄리타워 6층 607호,서울대입구역 4번출구에서 113m,0504-3220-1996,"[평일] 00시~12시 / 시간(인)1,500원[평일] 12시~18시 / 시간(인)2,000원[평일] 18시~24시 / 시간(인)2,500원[주말] 00시~08시 / 시간(인)2,000원[주말] 08시~24시 / 시간(인)2,500원",https://www.spacecloud.kr/space/36658,"단체 이용 가능, 무선 인터넷, 주차",방문자 리뷰 1,블로그 리뷰 3,관악구,서울대입구역,,"주중 - 1시간 1,500원~2,500원, 주말/공휴일 - 1시간 2,000원~2,500원"
두잇스페이스,서울 관악구 남부순환로 1808 관악센츄리타워 614호,서울대입구역 4번출구에서 113m,0507-1363-7151,"평일 00~18시 (1시간*인당)1,500원평일 18~24시 (1시간*인당)2,000원주말/공휴일 00~18시 (1시간*인당)2,000원주말/공휴일 18~24시 (1시간*인당)2,500원",https://www.spacecloud.kr/space/27939,비고 없음,,블로그 리뷰 1,관악구,서울대입구역,,"주중 - 1시간 1,500원~2,000원, 주말/공휴일 - 1시간 2,000원~2,500원"
비바체스터디카페 서울대입구역점,서울 관악구 관악로 140-7 지하 1층,서울대입구역 2번출구에서 378m,번호정보 없음,가격정보 없음,https://vivaceseoul.modoo.at,"예약, 무선 인터넷, 남/녀 화장실 구분",방문자 리뷰 3,블로그 리뷰 2,관악구,서울대입구역,,가격정보 없음
24시간 스터디카페 공유,서울 동작구 상도로61길 35 2층 스터디카페 공유,숭실대입구역 4번출구에서 223m,0507-1309-5988,"4주130,000원고정석 4주170,000원2시간4,000원4시간6,000원9시간10,000원12시간11,000원4인실 1시간 (1명은 5천원)6,000원8인실 1시간10,000원50시간 정액권70,000원100시간 정액권120,000원",https://www.instagram.com/studycafeshare,"예약, 단체 이용 가능, 무선 인터넷, 남/녀 화장실 구분, 노키즈존, 주차",방문자 리뷰 91,블로그 리뷰 71,동작구,숭실대입구역,별점 4.72,"4인실 - 1시간 6,000원, 8인실 - 1시간 10,000원"
트라이그라운드 공유오피스,"서울 관악구 남부순환로 1921-1 2층, 3층, 4층",낙성대역 5번출구에서 19m,070-4422-8060,"5인실[Teamroom]변동4인실[Teamroom]변동3인실[Teamroom]변동1인 데스크[Private Desk]변동오픈 데스크[Open Desk]변동1일 사용권[1Day]13,000원(비상주)트라이그라운드 공유오피스30,000원",https://www.instagram.com/tryground,"예약, 무선 인터넷",방문자 리뷰 115,블로그 리뷰 117,관악구,낙성대역,별점 4.9,가격정보 없음
랭스터디카페 숭실대점,서울 동작구 상도로 357 강남아파트상가 2층,숭실대입구역 3번출구에서 111m,02-812-8222,"충전권 20시간28,000원충전권 50시간45,000원충전권 100시간79,000원기간권 2주10시간55,000원기간권 4주10시간95,000원스터디룸 30분2,500원3시간3,000원4시간3,900원6시간5,300원8시간7,000원",https://studymoa.me/,"예약, 무선 인터넷, 남/녀 화장실 구분, 반려동물 동반",방문자 리뷰 72,블로그 리뷰 59,동작구,숭실대입구역,별점 4.6,가격정보 없음
아늑스터디카페 숭실대점,서울 동작구 상도로37길 81 2층,숭실대입구역 3번출구에서 234m,번호정보 없음,가격정보 없음,https://blog.naver.com/aneukstudycafe/223205906834,"남/녀 화장실 구분, 무선 인터넷",방문자 리뷰 9,블로그 리뷰 4,동작구,숭실대입구역,,가격정보 없음
할거하마 워크 & 스터디 홍대점,서울 마포구 동교로 185 4층,홍대입구역 1번출구에서 150m,0507-1305-8732,가격정보 없음,https://pf.kakao.com/_upnKG,"무선 인터넷, 남/녀 화장실 구분, 노키즈존, 간편결제",방문자 리뷰 185,블로그 리뷰 9,마포구,홍대입구역,,가격정보 없음
타임레서피 스터디룸,서울 마포구 양화로15길 17 도원빌딩 2층,홍대입구역 1번출구에서 467m,0507-1347-3215,"Day Time(09:00~23:00)1,800원Night Time(23:00~09:00)1,000원",https://blog.naver.com/timerecipe,"무선 인터넷, 남/녀 화장실 구분, 예약",방문자 리뷰 901,블로그 리뷰 12,마포구,홍대입구역,별점 4.86,가격정보 없음
워크히어24,서울 마포구 독막로 88 청옥빌딩 지하1층,상수역 3번출구에서 15m,번호정보 없음,"1인실 자유석 1시간2,000원1인실 자유석 2시간4,000원1인실 자유석 4시간6,000원1인실 자유석 8시간10,000원1인실 자유석 12시간12,000원회의실/스터디룸 1시간(기본 2인)6,000원회의실/스터디룸 1인 추가2,000원비상주사무실 개인사업자 1개월당44,000원비상주사무실 법인사업자 1개월당55,000원6인실 사무실 1개월당1,430,000원",http://pf.kakao.com/_MlxnXxj,"반려동물 동반, 남/녀 화장실 구분, 무선 인터넷, 단체 이용 가능, 예약, 주차",방문자 리뷰 15,블로그 리뷰 8,마포구,상수역,,"1인실 - 1시간 2,000원, 1인실 - 2시간 4,000원, 1인실 - 4시간 6,000원, 1인실 - 8시간 10,000원, 1인실 - 12시간 12,000원, 2인 - 1시간 6,000원, 1인 추가 - 1시간 2,000원, 가격정보 없음, 가격정보 없음"
르하임스터디카페 망원역점,서울 마포구 월드컵로 61 2층,망원역 2번출구에서 160m,번호정보 없음,"1회 시간권 (2시간)3,000원1회 시간권 (4시간)5,000원1회 시간권 (6시간)6,000원1회 시간권 (9시간)8,000원1회 시간권 (12시간)10,000원2주 기간권 (14일)80,000원4주 기간권 (28일)130,000원8주 기간권 (56일)250,000원50시간 정액권70,000원100시간 정액권120,000원",https://blog.naver.com/danbi070788,"단체 이용 가능, 무선 인터넷, 남/녀 화장실 구분",방문자 리뷰 359,블로그 리뷰 14,마포구,망원역,별점 4.95,가격정보 없음
어라운드스터디카페 중곡1호점,서울 광진구 용마산로 109 궁전빌딩 3층,중곡역 2번출구에서 468m,0507-1359-2833,"2시간(커피,음료 무료)3,500원3시간5,000원4시간6,000원6시간8,000원8시간9,500원12시간12,000원1주 정기권45,000원2주 정기권80,000원4주 정기권130,000원8주 정기권240,000원",https://aroundstudycafegg1.modoo.at,"단체 이용 가능, 예약, 무선 인터넷, 남/녀 화장실 구분",방문자 리뷰 126,블로그 리뷰 37,광진구,중곡역,별점 4.59,가격정보 없음
지혜의숲스터디카페,"서울 광진구 용마산로16길 8 2층, 3층",중곡역 2번출구에서 670m,0507-1399-8988,가격정보 없음,https://blog.naver.com/777forest,"무선 인터넷, 예약, 남/녀 화장실 구분",방문자 리뷰 17,블로그 리뷰 1,광진구,중곡역,별점 4.65,가격정보 없음
위넌스터디카페 장안센터,서울 동대문구 답십리로 302 3층,역정보 없음,번호정보 없음,"(Study Zone) 2시간3,000원(Study Zone) 4시간5,000원(Study Zone) 6시간6,000원(Study Zone) 9시간8,000원(Study Zone) 12시간10,000원(Study Zone) 24시간12,000원(Study Zone) 1시간 연장1,500원(Study Zone) 야간(21:00~07:00)7,000원(Study Zone) 정기권 1주45,000원(Study Zone) 정기권 2주80,000원",http://cafe12.winnen.co.kr/,"남/녀 화장실 구분, 무선 인터넷",방문자 리뷰 79,블로그 리뷰 26,동대문구,,별점 4.44,가격정보 없음
타임유 스터디카페 팔복장안점,서울 동대문구 답십리로 303 4층,역정보 없음,0507-1379-5245,가격정보 없음,https://blog.naver.com/fred5245,"단체 이용 가능, 무선 인터넷, 남/녀 화장실 구분",방문자 리뷰 19,블로그 리뷰 7,동대문구,,,가격정보 없음
초심스터디카페 장안사거리점,서울 동대문구 장한로 140 삼부빌딩 3층 1호,역정보 없음,0507-1479-2579,가격정보 없음,https://www.instagram.com/chosim_jangan,"단체 이용 가능, 주차, 무선 인터넷",방문자 리뷰 27,블로그 리뷰 72,동대문구,,,가격정보 없음
스페이스에이,서울 성동구 자동차시장1길 63 서울빌딩 3층 304호,장한평역 6번출구에서 10m,0507-1396-0505,"06:00~24:00 (4인)12,000원1인추가 (5인부터) -시간당3,000원",https://spaceastudio.modoo.at,"무선 인터넷, 단체 이용 가능, 예약, 남/녀 화장실 구분",방문자 리뷰 16,블로그 리뷰 5,성동구,장한평역,,"4인실 - 1시간 12,000원, 5인실 - 1시간 15,000원, 6인실 - 1시간 18,000원"
강남역 스터디룸 스터디카페 윙스터디,서울 서초구 서초대로73길 7 우송빌딩 지하 2층,강남역 9번출구에서 186m,0507-1436-0334,"평일 1시간 이용 요금2,200원주말 1시간 이용요금2,500원",https://wingstudygangnam.modoo.at/,"예약, 단체 이용 가능, 주차, 무선 인터넷, 남/녀 화장실 구분",방문자 리뷰 1,블로그 리뷰 126,서초구,강남역,별점 4.48,"주중 - 1시간 2,200원, 주말/공휴일 - 1시간 2,500원"
강남역 스터디룸 풀로 모임 공간,서울 서초구 서초대로73길 9 9층 905호,강남역 9번출구에서 183m,0507-1399-9744,"스마트모니터, 빔프로젝터 사용무료커피머신, 정수기, 커피믹스/차 이용무료스터디룸 (1시간)1,000~3,000원미팅룸 (1시간)1,000~3,000원회의실 (1시간)1,000~3,000원모임공간 (1시간)1,000~3,000원",https://www.spacecloud.kr/space/60862,"단체 이용 가능, 예약, 무선 인터넷, 주차, 발렛파킹",방문자 리뷰 38,블로그 리뷰 7,서초구,강남역,,"스터디룸 - 1시간 1,000원~3,000원, 미팅룸 - 1시간 1,000원~3,000원, 회의실 - 1시간 1,000원~3,000원, 모임공간 - 1시간 1,000원~3,000원"
강남역 스터디룸 틈612,서울 서초구 강남대로65길 12 5층 612호,강남역 10번출구에서 356m,0507-1430-3388,스터디룸(1시간)변동모임공간(1시간)변동미팅룸(1시간)변동,URL정보 없음,"단체 이용 가능, 예약, 무선 인터넷, 남/녀 화장실 구분, 간편결제",방문자 리뷰 8,블로그 리뷰 2,서초구,강남역,,가격정보 없음
모임일주 스터디룸,서울 서초구 강남대로61길 10 409호,강남역 10번출구에서 194m,0507-1338-0380,가격정보 없음,http://moimilju.modoo.at,"예약, 무선 인터넷, 단체 이용 가능",방문자 리뷰 30,블로그 리뷰 14,서초구,강남역,별점 5,가격정보 없음
강남역 포커스 스터디룸 모임 공간,서울 서초구 강남대로61길 10 센터프라자 411호,강남역 10번출구에서 196m,0507-1480-0614,가격정보 없음,https:///www.spacecloud.kr/space/64506,"단체 이용 가능, 예약, 무선 인터넷",방문자 리뷰 8,블로그 리뷰 6,서초구,강남역,,가격정보 없음
헬로강남 모임공간 스터디룸,서울 서초구 강남대로65길 12 한서그린빌리지 812호,강남역 10번출구에서 356m,070-8064-5506,"주말오후(12시~24시) 1인 1시간3,000원주말 오전(0시~12시) 1인 1시간2,000원평일오후(12시~24시) 1인 1시간2,500원평일 오전(0시~12시) 1인 1시간1,500원",https://www.spacecloud.kr/space/45618?type=search&user_id=1669108322,"단체 이용 가능, 무선 인터넷",방문자 리뷰 1,블로그 리뷰 8,서초구,강남역,,"1인 - 주중 - 1시간 1,500원~2,500원, 1인 - 주말/공휴일 - 1시간 2,000원~3,000원"
나이수미추 스터디룸,서울 서초구 강남대로65길 12 한서그린빌리지 911호,강남역 10번출구에서 356m,0507-1447-0492,"[금요일] 12시 ~ 24시3,000원[금요일] 0시 ~ 12시2,000원[평일] 12시 ~ 24시2,000원[평일] 0시 ~ 12시1,500원[주말,공휴일] 0시~24시3,000원",https://www.instagram.com/nicemeetu_room4u?igsh=OGl4a3BmZDI1NWw5,"단체 이용 가능, 예약, 무선 인터넷, 간편결제, 주차",방문자 리뷰 2,블로그 리뷰 5,서초구,강남역,,"주중 - 1시간 1,500원~2,000원, 주말/공휴일 - 1시간 3,000원"
에스랩 스터디카페 & 스터디룸 2호점 1관,서울 서초구 사평대로56길 14 동원빌딩 2층,신논현역 9번출구에서 204m,0507-1341-1624,"신규 체험 신청 - 카카오채널 문의무료다양한 이벤트 확인은 홈페이지로 :)무료1시간2,500원2시간4,100원30시간50,500원50시간79,000원100시간146,000원4주 자유권변동4주 240시간변동고정석변동",http://pf.kakao.com/_Yxadxnxl,"단체 이용 가능, 남/녀 화장실 구분, 무선 인터넷, 주차, 예약",방문자 리뷰 196,블로그 리뷰 41,서초구,신논현역,별점 4.33,가격정보 없음
모임플러스 스터디룸 스터디카페,서울 서초구 사임당로 173 서전빌딩 4층,강남역 5번출구에서 375m,0507-1419-5202,"매일 09시-22시(1시간/1인)2,500원",http://cafe.naver.com/moimplus,"예약, 단체 이용 가능, 무선 인터넷, 남/녀 화장실 구분",방문자 리뷰 129,블로그 리뷰 130,서초구,강남역,,"1인 - 1시간 2,500원, 2인 - 1시간 5,000원, 3인 - 1시간 7,500원, 4인 - 1시간 10,000원"
공유하는사람들스터디룸 파티룸 강남점,서울 서초구 강남대로61길 10 센터프라자 10층 05호,강남역 10번출구에서 196m,번호정보 없음,"주말 00시~24시(1시간/1인기준)3,000원평일 00시~24시(1시간/1인기준)2,000원",https://booking.naver.com/,"단체 이용 가능, 무선 인터넷, 포장, 배달, 예약",방문자 리뷰 3,,서초구,강남역,,"주중 - 1시간 2,000원, 주말/공휴일 - 1시간 3,000원"
찹쌀떡 스터디룸,서울 서초구 강남대로65길 12 3층 308호,강남역 10번출구에서 405m,0507-1377-9126,가격정보 없음,https://www.spacecloud.kr/space/63839,"단체 이용 가능, 예약, 무선 인터넷, 간편결제",,,서초구,강남역,,가격정보 없음
리움스터디룸,서울 서초구 강남대로61길 10 1동 607호,강남역 10번출구에서 196m,0507-1441-5632,가격정보 없음,URL정보 없음,"단체 이용 가능, 예약, 무선 인터넷, 대기공간, 간편결제",방문자 리뷰 9,블로그 리뷰 6,서초구,강남역,,가격정보 없음
이반퓨처스터디룸,서울 서초구 서초대로77길 45 5층 504호,신논현역 7번출구에서 267m,0507-1330-0407,"이용료1,500~3,500원",https://www.spacecloud.kr/space/58939,"배달, 단체 이용 가능, 예약, 무선 인터넷",,블로그 리뷰 1,서초구,신논현역,,가격정보 없음
워크토크 역삼점 회의실,서울 강남구 논현로85길 7 5층 워크토크,역삼역 3번출구에서 208m,0507-1353-2834,가격정보 없음,https://pf.kakao.com/_wPQeb/,"예약, 무선 인터넷, 단체 이용 가능",방문자 리뷰 25,블로그 리뷰 28,강남구,역삼역,,가격정보 없음
코지스터디룸,서울 강남구 강남대로 378,강남역 3번출구에서 19m,번호정보 없음,가격정보 없음,URL정보 없음,비고 없음,,블로그 리뷰 2,강남구,강남역,,가격정보 없음
토즈 강남역토즈타워점,서울 강남구 강남대로84길 24-4 1~6층,강남역 3번출구에서 251m,0507-1374-0116,"2인(기본 2시간)15,000원3~4인(기본 2시간)30,000원5~6인(기본 2시간)50,000원7~8인(기본 2시간)70,000원프리미엄 10인(기본 2시간)90,000원프리미엄 11인(기본 2시간)110,000원15인부스변동20인부스변동30인부스변동40~60인부스변동",https://blog.naver.com/toztower_24,"예약, 단체 이용 가능, 무선 인터넷, 남/녀 화장실 구분",방문자 리뷰 639,블로그 리뷰 561,강남구,강남역,별점 4.53,"2인 - 2시간 15,000원, 3~4인 - 2시간 30,000원, 5~6인 - 2시간 50,000원, 7~8인 - 2시간 70,000원, 프리미엄 10인 - 2시간 90,000원, 프리미엄 11인 - 2시간 110,000원, 15인부스 - 가격정보 없음, 20"
토즈 강남컨퍼런스,서울 서초구 강남대로 441 서산빌딩 9층,신논현역 7번출구에서 176m,0507-1314-0118,"58인강의장 2시간450,000원35인강의장 2시간350,000원25인강의장 2시간250,000원6인부스 2시간50,000원최대7인부스 2시간66,000원최대9인 2시간70,000원최대10인부스 2시간100,000원최대15인부스 2시간150,000원",https://moim.toz.co.kr/,"예약, 단체 이용 가능, 무선 인터넷, 남/녀 화장실 구분, 주차",방문자 리뷰 155,블로그 리뷰 374,서초구,신논현역,별점 4.5,"58인 - 2시간 450,000원, 35인 - 2시간 350,000원, 25인 - 2시간 250,000원, 6인 - 2시간 50,000원, 최대7인 - 2시간 66,000원, 최대9인 - 2시간 70,000원, 최대10인 - 2시간 100,000원, 최대15인 -"
마이더스 스터디룸,서울 강남구 역삼로3길 17,강남역 4번출구에서 305m,번호정보 없음,가격정보 없음,URL정보 없음,비고 없음,,,강남구,강남역,,가격정보 없음
철부지모임공간 강남2호점,서울 강남구 테헤란로1길 28-9 6층,강남역 11번출구에서 264m,0507-1434-2213,"일요일 20명 기준 시간당50,000원토요일 20명 기준 시간당60,000원평일 저녁 20명 기준50,000원평일 20명 기준 시간당40,000원",URL정보 없음,"단체 이용 가능, 예약, 무선 인터넷",방문자 리뷰 25,블로그 리뷰 92,강남구,강남역,,"20인 - 주중 - 1시간 40,000원, 20인 - 평일저녁 - 1시간 50,000원, 20인 - 주말/공휴일 - 1시간 50,000원~60,000원"
워크토크 강남본점,서울 강남구 테헤란로14길 40 2층,역삼역 3번출구에서 562m,0507-1379-0285,가격정보 없음,https://pf.kakao.com/_wPQeb,"단체 이용 가능, 예약, 무선 인터넷, 반려동물 동반, 대기공간",방문자 리뷰 20,블로그 리뷰 28,강남구,역삼역,,가격정보 없음
프리즘 스터디센터 강남점,서울 서초구 서초대로 389 진흥종합상가 3층 301호,강남역 9번출구에서 304m,0507-1408-8357,"1인/1시간 (예약방법 필독)1,000원",http://pf.kakao.com/_YFBBb,"예약, 무선 인터넷, 남/녀 화장실 구분, 주차",방문자 리뷰 47,블로그 리뷰 9,서초구,강남역,,"1인 - 1시간 1,000원"
무드인데이 스터디&파티룸 강남점,서울 서초구 강남대로65길 12 4층 513호,강남역 10번출구에서 356m,0507-1447-2111,"평일 (시간&인당)1,000~2,700원주말 (시간&인당)1,000~3,200원공휴일 (시간&인당)변동올나이트 패키지 (00시 ~ 09시)변동",http://pf.kakao.com/_NJidn,"단체 이용 가능, 포장, 배달, 예약, 무선 인터넷, 간편결제",,,서초구,강남역,,"주중 - 1시간 1,000원~2,700원, 주말/공휴일 - 1시간 1,000원~3,200원"
모임공간&스터디룸 돈버는아지트 modern,서울 서초구 사평대로53길 137 2층 201호,논현역 6번출구에서 262m,0507-1484-1550,"1시간 단위 예약 (평일)15,000원1시간 단위 예약 (주말)18,000원",https://www.spacecloud.kr/space/43622?type=search,"무선 인터넷, 예약, 포장, 단체 이용 가능",방문자 리뷰 2,블로그 리뷰 17,서초구,논현역,,"4인실 - 1시간 15,000원, 주중 - 1시간 15,000원, 주말/공휴일 - 1시간 18,000원"
위스터디카페,서울 서초구 사평대로52길 13 지하,신논현역 9번출구에서 286m,0507-1305-6326,"커피,스낵등 무료무료첫방문 2시간쿠폰(카톡채널로 문의)무료2시간3,000원4시간5,500원6시간8,000원8시간9,000원10시간10,000원30시간40,000원50시간60,000원100시간110,000원",URL정보 없음,"단체 이용 가능, 예약, 무선 인터넷, 남/녀 화장실 구분",,블로그 리뷰 6,서초구,신논현역,,"2시간 1,500원, 4시간 1,375원, 6시간 1,333원, 8시간 1,125원, 10시간 1,000원"
이잼스터디카페 망원점,"서울 마포구 월드컵로 132 4, 5층",마포구청역 4번출구에서 390m,번호정보 없음,가격정보 없음,https://easemmw.modoo.at,"단체 이용 가능, 무선 인터넷, 남/녀 화장실 구분",방문자 리뷰 16,블로그 리뷰 3,마포구,마포구청역,,가격정보 없음
워크토크 교대점 회의실,서울 서초구 법원로2길 7-4 동용빌딩 5층 510호,교대역 10번출구에서 189m,0507-1328-2641,가격정보 없음,https://pf.kakao.com/_wPQeb,"예약, 무선 인터넷, 단체 이용 가능, 남/녀 화장실 구분",방문자 리뷰 15,,서초구,교대역,,가격정보 없음
강의실&모임공간&스터디룸 제이비전워크,서울 서초구 서초중앙로20길 24 4층 401호,교대역 13번출구에서 137m,0507-1301-4229,"J2 (5인~12인)30,000원J1 (5인~15인)30,000원",URL정보 없음,"단체 이용 가능, 예약, 대기공간, 무선 인터넷, 간편결제",방문자 리뷰 7,블로그 리뷰 4,서초구,교대역,,"5인~12인 - 1시간 15,000원, 5인~15인 - 1시간 15,000원"
시작스터디카페 서초점,서울 서초구 반포대로19길 9-8 3층,서초역 3번출구에서 565m,번호정보 없음,"(당일권)2시간3,000원(당일권)4시간5,000원(당일권)6시간6,000원(당일권)8시간8,000원(당일권)12시간10,000원(시간권)50시간60,000원(시간권)100시간100,000원(시간권)150시간150,000원(시간권)200시간180,000원(기간권)7일40,000원",http://pf.kakao.com/_EnZGG,"단체 이용 가능, 예약, 무선 인터넷, 남/녀 화장실 구분, 대기공간",방문자 리뷰 28,블로그 리뷰 5,서초구,서초역,,가격정보 없음
더작심스터디카페 교대역점,서울 서초구 서초대로 302 지하1층,교대역 5번출구에서 45m,02-6242-0270,"4인 스터디룸ㅣ회의실(1시간)12,000원일일 이용권(2시간)5,000원일일 이용권(6시간)12,000원일일 이용권(8시간)15,000원50시간(6주)120,000원100시간(12주)180,000원자유석(4주)250,000원고정석 케임브릿지(4주)270,000원고정석 작심실(4주)290,000원사물함(4주)12,000원",https://www.instagram.com/zaksim_official/,"단체 이용 가능, 예약, 무선 인터넷, 남/녀 화장실 구분",방문자 리뷰 14,블로그 리뷰 5,서초구,교대역,,"4인 - 1시간 12,000원, 2시간 10,000원, 6시간 12,000원, 8시간 15,000원"
더공간스터디카페 교대역점,서울 서초구 서초중앙로20길 15 2층 더공간스터디카페 교대역점,교대역 13번출구에서 98m,번호정보 없음,"음료 + 4시간 (1인석)7,000원음료 + 2시간 (소형룸)14,000원음료 + 2시간 (중소형룸)20,000원24시간 * 4주권190,000원",http://thestudysnue.modoo.at,"예약, 단체 이용 가능, 주차, 남/녀 화장실 구분, 무선 인터넷",방문자 리뷰 15,블로그 리뷰 56,서초구,교대역,,"1인 - 1시간 1,750원, 소형룸 - 1시간 7,000원, 중소형룸 - 1시간 10,000원"
헤이든 스터디룸,서울 서초구 반포대로 300-3 상화빌딩,고속터미널역 8-1번 출구에서 238m,번호정보 없음,"2인실 (1시간)6,000원3인실 (1시간)7,000원4인실 (1시간)10,000원1인석 (2시간권)4,000원사물함 (4주권)10,000원",URL정보 없음,"단체 이용 가능, 무선 인터넷, 남/녀 화장실 구분, 예약, 주차",방문자 리뷰 225,블로그 리뷰 4,서초구,고속터미널역,,"2인실 - 1시간 6,000원, 3인실 - 1시간 7,000원, 4인실 - 1시간 10,000원"
플랜에이스터디카페 교대센터,서울 서초구 서초중앙로24길 20 2층,교대역 4번출구에서 80m,02-3143-0909,"일회이용권 2시간5,000원일회이용권 4시간8,000원일회이용권 6시간11,000원일회이용권 8시간13,000원종일권(02시까지)16,000원시간이용권 30시간60,000원시간이용권 50시간100,000원시간이용권 100시간180,000원시간이용권 200시간320,000원시간이용권 300시간420,000원",http://pf.kakao.com/_DeYBT,"단체 이용 가능, 무선 인터넷, 남/녀 화장실 구분, 예약, 주차, 발렛파킹",방문자 리뷰 66,블로그 리뷰 202,서초구,교대역,별점 4.65,가격정보 없음
다짐스터디카페 반포점,서울 서초구 서초중앙로 224 2층 201호,반포역 3번출구에서 753m,번호정보 없음,"일일이용권 1시간 연장2,500원일일이용권 2시간5,000원일일이용권 4시간8,000원일일이용권 6시간12,000원일일이용권 10시간17,000원일일이용권 14시간21,000원시간충전권 20시간(1달)45,000원시간충전권 30시간(2달)60,000원시간충전권 50시간(3달)90,000원시간충전권 100시간(6달)170,000원",https://blog.naver.com/dazimbanpo,"무선 인터넷, 노키즈존, 남/녀 화장실 구분, 간편결제, 주차",방문자 리뷰 12,블로그 리뷰 14,서초구,반포역,,가격정보 없음
커피에스터디,서울 서초구 효령로 218,남부터미널역 5번출구에서 733m,0507-1356-0761,"Room Tall (2~6인실)22,000~32,000원Room Grande (7~12인실)42,000~62,000원Room Venti (13~30인실)150,000~250,000원",https://blog.naver.com/coffeeaddstudy,"무선 인터넷, 남/녀 화장실 구분, 예약, 단체 이용 가능",방문자 리뷰 35,블로그 리뷰 59,서초구,남부터미널역,,"2인실 - 1시간 11,000원~16,000원, 6인실 - 1시간 11,000원~16,000원, 7인실 - 1시간 21,000원~31,000원, 12인실 - 1시간 21,000원~31,000원, 13인실 - 1시간 50,000원~83,333원, 3"
비에이블스터디카페 반포센터,서울 서초구 고무래로10길 17 비에이블스터디카페 반포센터,반포역 3번출구에서 871m,번호정보 없음,"2시간4,000원3시간5,500원4시간7,000원6시간10,000원8시간12,000원10시간14,000원4주이용권180,000원50시간권80,000원100시간권150,000원150시간권210,000원",http://beablebanpo.modoo.at,"단체 이용 가능, 무선 인터넷, 남/녀 화장실 구분, 주차",방문자 리뷰 8,블로그 리뷰 49,서초구,반포역,,"4인실 - 2시간 4,000원, 4인실 - 3시간 5,500원, 4인실 - 4시간 7,000원, 4인실 - 6시간 10,000원, 4인실 - 8시간 12,000원, 4인실 - 10시간 14,000원"
플랜에이스터디카페 서초케이프,서울 서초구 효령로46길 22 2층,남부터미널역 5번출구에서 751m,0507-1370-3015,가격정보 없음,http://pf.kakao.com/_HnBxfK,"무선 인터넷, 남/녀 화장실 구분, 단체 이용 가능, 예약",방문자 리뷰 259,블로그 리뷰 15,서초구,남부터미널역,별점 4.82,가격정보 없음
호시우보 스터디카페,서울 서초구 고무래로10길 17 4층 호시우보스터디카페,반포역 3번출구에서 863m,0507-1309-1651,가격정보 없음,URL정보 없음,비고 없음,,블로그 리뷰 7,서초구,반포역,,가격정보 없음
크란츠스터디카페,"서울 서초구 서초대로52길 38 2층, 3층",교대역 13번출구에서 88m,02-585-0910,가격정보 없음,URL정보 없음,"예약, 무선 인터넷, 남/녀 화장실 구분",방문자 리뷰 170,블로그 리뷰 33,서초구,교대역,,가격정보 없음
헤이든 스터디카페,서울 서초구 사평대로26길 8 포레933 빌딩 5층,고속터미널역 5번출구에서 558m,번호정보 없음,"2시간4,000원3시간6,000원4시간7,000원5시간8,000원6시간9,000원8시간11,000원10시간13,000원12시간15,000원일일권(24시간)18,000원30시간권 (유효기간 2개월)58,000원",https://blog.naver.com/haydenlibrary,"발렛파킹, 남/녀 화장실 구분, 무선 인터넷, 주차",방문자 리뷰 30,블로그 리뷰 4,서초구,고속터미널역,별점 4.57,"4인실 - 2시간 4,000원, 4인실 - 3시간 6,000원, 4인실 - 4시간 7,000원, 4인실 - 5시간 8,000원, 4인실 - 6시간 9,000원, 4인실 - 8시간 11,000원, 4인실 - 10시간 13,000원, 4인실 - 12시간 15,0"
스페이스나인 스터디카페 반포점,서울 서초구 사평대로 285 지하1층,사평역 2번출구에서 18m,0507-1496-0090,가격정보 없음,https://m.blog.naver.com/PostList.nhn?blogId=smg15,"예약, 단체 이용 가능, 무선 인터넷, 남/녀 화장실 구분",방문자 리뷰 26,블로그 리뷰 2,서초구,사평역,별점 4.9,가격정보 없음
오션스터디카페 반포서래점,서울 서초구 사평대로 122 주영빌딩 2층,신반포역 4번출구에서 574m,번호정보 없음,"당일시간권 2시간4,000원당일시간권 3시간6,000원당일시간권 4시간7,000원당일시간권 6시간9,000원당일시간권 8시간11,000원당일시간권 12시간15,000원30시간권 (유효기간 60일)60,000원50시간권(유효기간 120일)90,000원100시간권(유효기간 180일)170,000원200시간권(유효기간 360일)300,000원",http://instagram.com/ocean_banpo,"무선 인터넷, 남/녀 화장실 구분",방문자 리뷰 55,블로그 리뷰 6,서초구,신반포역,별점 4.57,가격정보 없음
토즈스터디 교대역센터,서울 서초구 서초중앙로24길 19 나라빌딩 4층,교대역 4번출구에서 90m,02-3477-9773,"학생/성인 자유석 특별할인 (1개월)190,000원학생 지정석 (1개월, 사물함포함)220,000원성인 지정석 (1개월, 사물함포함)230,000원학생원데이 (1일)15,000원성인원데이 (1일)16,000원성인 SMART100 (2개월이내)200,000원성인 SMART50 (2개월이내)111,000원학생 SMART100190,000원성인 SMART30 (1개월이내)70,000원학생 SMART30 (1개월이내)65,000원",https://blog.naver.com/tozstudycenter_kds,"무선 인터넷, 남/녀 화장실 구분",방문자 리뷰 36,블로그 리뷰 9,서초구,교대역,별점 4.75,가격정보 없음
타임랩스터디카페,서울 서초구 남부순환로339길 72 3층 타임랩스터디카페,남부터미널역 3번출구에서 442m,0507-1385-1233,"스터디룸G2 (1~2인/시간당)8,000원스터디룸A (3인~5인/시간당)12,000원스터디룸B (6인~8인/시간당)18,000원세미나룸 (10인~16인/시간당)38,000원2시간 당일권 (자유석)4,000원4시간 당일권 (자유석)7,000원8시간 당일권 (자유석)13,000원50시간권 (자유석)80,000원100시간권 (자유석)150,000원200시간권 (자유석)290,000원",http://pf.kakao.com/_xfkAvxj,"단체 이용 가능, 예약, 무선 인터넷, 남/녀 화장실 구분, 간편결제, 주차",방문자 리뷰 41,블로그 리뷰 16,서초구,남부터미널역,,"1~2인 - 1시간 8,000원, 3인~5인 - 1시간 12,000원, 6인~8인 - 1시간 18,000원, 10인~16인 - 1시간 38,000원"
비온탑스터디카페 신반포점,서울 서초구 반포대로 300 덕성빌딩 지하1층 1-2호,고속터미널역 8-1번 출구에서 248m,0507-1363-4498,"2인 스터디룸 1시간8,000원4인 스터디룸 1시간10,000원20시간36,000원50시간85,000원110시간160,000원165시간230,000원220시간300,000원자유석 2주 (기간권)130,000원자유석 4주 (기간권)240,000원고정석 2주 (기간권)160,000원",https://beontopsinbanpo.modoo.at/,무선 인터넷,방문자 리뷰 24,블로그 리뷰 33,서초구,고속터미널역,,"2인 - 1시간 8,000원, 4인 - 1시간 10,000원"
얼리버드 스터디카페 반포점,서울 서초구 신반포로 157,고속터미널역 8-1번 출구에서 193m,02-599-8685,"당일권 2시간5,000원당일권 3시간7,200원당일권 4시간9,200원당일권 5시간11,500원시간권 10시간23,000원시간권 30시간66,000원시간권 50시간105,000원시간권 100시간200,000원고정석 4주(28일)370,000원스터디룸(6인실) 1시간12,000원",https://blog.naver.com/earlybirdstudy/222330104795,"단체 이용 가능, 예약, 남/녀 화장실 구분, 무선 인터넷, 주차",방문자 리뷰 83,블로그 리뷰 11,서초구,고속터미널역,,"6인실 - 1시간 12,000원"
어스스터디카페 방배1호점,서울 서초구 방배로 89,방배역 3번출구에서 79m,02-525-9149,가격정보 없음,https://blog.naver.com/usstudy20,"무선 인터넷, 남/녀 화장실 구분, 단체 이용 가능",,블로그 리뷰 37,서초구,방배역,,가격정보 없음
화이트펜슬 스터디카페 서초방배동점,서울 서초구 명달로9길 5 4층,방배역 1번출구에서 651m,0507-1372-7823,가격정보 없음,https://whitepencilbangbae.modoo.at,"단체 이용 가능, 남/녀 화장실 구분, 무선 인터넷, 예약, 대기공간, 주차",방문자 리뷰 116,블로그 리뷰 23,서초구,방배역,,가격정보 없음
시월 스터디룸,서울 서초구 방배천로4길 42 3층,사당역 11번출구에서 276m,0507-1319-0840,가격정보 없음,https://s.solo.pickko.net/CJPkUiZFGJewlWawjkqsk,"단체 이용 가능, 무선 인터넷, 예약, 대기공간, 주차",방문자 리뷰 11,블로그 리뷰 30,서초구,사당역,,가격정보 없음
카이 스터디룸,"서울 서초구 방배천로4길 1 4층, 5층",사당역 11번출구에서 93m,번호정보 없음,"옥탑방(4명이하) 시간당10,000원기본3시간 상품변동A그룹(8인이하)90,000원B그룹( 9~14명)120,000원C그룹(15~20명)150,000원D그룹(21~25명)180,000원종일상품(5시간 가격에 8시간 사용)변동A그룹_09~17시150,000원B그룹_09~17시200,000원C그룹_09~17시250,000원",https://kaiplacesadang.modoo.at/?link=1sbax3xe,"무선 인터넷, 남/녀 화장실 구분, 예약, 단체 이용 가능",방문자 리뷰 89,블로그 리뷰 25,서초구,사당역,별점 4.55,"4인 - 1시간 10,000원, A그룹 - 1시간 30,000원, B그룹 - 1시간 40,000원, C그룹 - 1시간 50,000원, D그룹 - 1시간 60,000원"
셀스스터디룸 사당점,서울 동작구 동작대로 49,사당역 10번출구에서 303m,0507-1425-0782,가격정보 없음,https://sd.sels.co.kr,"단체 이용 가능, 예약, 무선 인터넷, 남/녀 화장실 구분, 주차",방문자 리뷰 42,블로그 리뷰 325,동작구,사당역,별점 4.68,가격정보 없음
셀스스터디룸 사당3번출구점,서울 서초구 과천대로 946 우성상가 3층,사당역 3번출구에서 3m,0507-1462-0779,가격정보 없음,https://ss.sels.co.kr,"단체 이용 가능, 예약, 무선 인터넷, 남/녀 화장실 구분, 대기공간, 주차",,블로그 리뷰 32,서초구,사당역,,가격정보 없음
하이스터디룸 사당점,서울 관악구 과천대로 943 금강빌딩 5층,사당역 4번출구에서 27m,0507-1457-2104,"1시간 이용금액1,500원30분 이용금액1,000원프린트(흑백)100원프린트(컬러)200원프리미엄캡슐커피 스타벅스2,700원프리미엄캡슐 티2,700원다양한 스낵류변동다양한 음료류변동32인치모니터사용-무료변동",https://www.instagram.com/studyroom_hi?igsh=d2J2Nmp1ZmJxejFr&utm_source=qr,"예약, 무선 인터넷, 단체 이용 가능, 대기공간, 남/녀 화장실 구분",방문자 리뷰 175,블로그 리뷰 18,관악구,사당역,,가격정보 없음
스터디룸위드 사당점,서울 관악구 과천대로 941 지산빌딩 502호 스터디룸위드,사당역 4번출구에서 50m,0507-1335-8253,"1시간 이용금액1,500원30분 이용금액1,000원2인 이용시 1인당 1시간 이용금액2,000원빔프로젝터 1시간2,000원아메리카노(illy 캡슐)2,500원",https://blog.naver.com/sweetsadang,"단체 이용 가능, 예약, 무선 인터넷, 남/녀 화장실 구분, 주차",방문자 리뷰 275,블로그 리뷰 129,관악구,사당역,별점 4.41,"1인 - 1시간 1,500원, 2인 - 1시간 2,000원"
올공스터디룸,"서울 관악구 과천대로 939 르메이에르강남타운2차 201호, 202호",사당역 4번출구에서 74m,번호정보 없음,가격정보 없음,URL정보 없음,무선 인터넷,방문자 리뷰 9,블로그 리뷰 7,관악구,사당역,,가격정보 없음
컨센터블 스터디룸&카페 이수점,서울 동작구 동작대로39길 22 이수힐스테이트 에비뉴 상가 2층,총신대입구(이수)역 14번출구에서 655m,번호정보 없음,"*무료체험권 (7시간)무료*4주 자유석 (하루 3시간)38,000원1시간 (연속)1,400원3시간 (연속)4,000원6시간 (연속)7,000원9시간 (연속)9,000원12시간 (연속)12,000원50시간 충전권69,000원100시간 충전권119,000원200시간 충전권179,000원",https://concentable.notion.site/7770ceb9557b454da6d9f51b99e03036?pvs=4,"무선 인터넷, 남/녀 화장실 구분, 예약, 단체 이용 가능, 주차",방문자 리뷰 1,블로그 리뷰 33,동작구,총신대입구(이수)역,별점 4.86,"무료체험권 - 7시간 무료, 4주 자유석 - 하루 3시간 38,000원, 1인 - 1시간 1,400원, 1인 - 3시간 4,000원, 1인 - 6시간 7,000원, 1인 - 9시간 9,000원, 1인 - 12시간 12,000원"
써밋스터디카페 이태원점,서울 용산구 회나무로13길 5 501호,녹사평역 2번출구에서 595m,0507-1481-5220,가격정보 없음,URL정보 없음,"무선 인터넷, 남/녀 화장실 구분, 예약, 간편결제",방문자 리뷰 46,블로그 리뷰 3,용산구,녹사평역,,가격정보 없음
작심스터디카페 더작심 한남순천향점,서울 용산구 대사관로31길 7-3 2층~4층,한남역 1번출구에서 709m,번호정보 없음,"이용중상태 2h 연장5,000원일회시간권 3시간6,300원일회시간권 5시간9,500원일회시간권 7시간12,900원일회시간권 10시간17,900원정액시간권 50시간 (30일)100,000원정액시간권 100시간 (70일)180,000원기간권 2주140,000원기간권 4주230,000원고정석 4주280,000원",https://www.instagram.com/p/CtihIyDPYhO/,"남/녀 화장실 구분, 무선 인터넷, 단체 이용 가능, 예약",방문자 리뷰 64,블로그 리뷰 30,용산구,한남역,,가격정보 없음
공본스터디카페 보광센터,서울 용산구 장문로 97 2층,한남역 1번출구에서 890m,번호정보 없음,"50시간권80,000원100시간권150,000원150시간권210,000원2주권100,000원4주권170,000원2시간 이용권4,000원4시간 이용권7,000원6시간 이용권9,000원9시간 이용권12,000원종일이용권 (24시간)20,000원",https://instagram.com/gongbon_bogwang?igshid=ZDdkNTZiNTM=,"무선 인터넷, 남/녀 화장실 구분",방문자 리뷰 16,블로그 리뷰 3,용산구,한남역,,"4인실 - 1시간 2,000원, 4인실 - 2시간 3,500원, 4인실 - 3시간 4,500원, 4인실 - 4.5시간 6,000원, 4인실 - 24시간 20,000원"
더스터디카페 안암고려대점,"서울 성북구 개운사길 5 세한빌딩 4층, 5층",안암역 1번출구에서 75m,0507-1433-2225,"[인터뷰룸] 2시간 20,000원20,000원[스터디룸]1인 1시간 2,500원2,500원[스터디룸]최소 2인 최소2시간10,000원[스터디룸]아래 홈페이지에서 예약가능2,500원[인터뷰룸]개인노트북 사용공간 2시간17,000원",http://www.thestudy.kr/,"무선 인터넷, 남/녀 화장실 구분, 단체 이용 가능, 예약",186,33,성북구,안암역,별점 정보 없음,"2인실 - 2시간 10,000원, 1인 - 1시간 2,500원, 1인 - 2시간 20,000원, 개인노트북 사용공간 - 2시간 17,000원"
스터디룸 MOiM 성신여대점,서울 성북구 동소문로20길 29-7 4층,성신여대입구역 2번출구에서 175m,0507-1303-4170,"스터디룸 1시간 대여 (회원포인트가입시)1,250원스터디룸 1시간 대여 (일반요금)1,500원스터디룸 대여-30분 추가1,000원빔프로젝터 1시간2,000원아메리카노(Ice/Hot)2,000원아이스티1,500원핫초코/아이스초코2,000원허브티(카모마일/페퍼민트/녹차)1,500원탄산수(레몬/자몽/라임)1,200원과일에이드(자몽/레몬/오렌지)3,000원",http://www.moimstudy.com/,"예약, 단체 이용 가능, 무선 인터넷",520,20,성북구,성신여대입구역,4,"4인실 - 1시간 1,250원~1,500원, 2시간 2,500원~3,000원, 4시간 5,000원~6,000원, 6시간 7,500원~9,000원"
이지스스터디카페 성신여대점,서울 성북구 동소문로 121 2층 이지스스터디카페 성신여대점,성신여대입구역 7번출구에서 157m,번호정보 없음,"4인 스터디룸 (2시간)8,000원6인 스터디룸 (2시간)12,000원8인 스터디룸 (2시간)16,000원[일일 이용권]2시간3,000원[일일 이용권]3시간4,000원[일일 이용권]5시간6,000원[일일 이용권]6시간7,000원[일일 이용권]8시간8,000원[일일 이용권]12시간10,000원[시간제 정기권]50시간58,000원",http://pf.kakao.com/_Jiinxj,"단체 이용 가능, 무선 인터넷, 남/녀 화장실 구분, 예약",145,16,성북구,성신여대입구역,4,"4인실 - 1시간 4,000원, 6인실 - 1시간 6,000원, 8인실 - 1시간 8,000원"
성신여대 모임공간 해냄,서울 성북구 보문로32길 34 지하1층,성신여대입구역 2번출구에서 374m,0507-1301-2919,가격정보 없음,https://www.instagram.com/culturespace_haenaem,"예약, 무선 인터넷, 단체 이용 가능",4,9,성북구,성신여대입구역,별점 정보 없음,가격정보 없음
공간샘스터디카페오피스 성신여대점,서울 성북구 동소문로20나길 48 2층,성신여대입구역 1번출구에서 271m,번호정보 없음,"[1회권] 2시간3,500원[1회권] 4시간5,000원[1회권] 6시간7,000원[1회권] 11시간12,000원[정액권] 50시간85,000원[정액권] 100시간130,000원[기간권] 고정석 - 관리자 문의250,000원세미나실 (4인실) 1시간 이용요금8,000원",https://saemcafe85.modoo.at,"단체 이용 가능, 예약, 무선 인터넷",61,42,성북구,성신여대입구역,별점 정보 없음,"4인실 - 1시간 8,000원, 4인실 - 2시간 3,500원, 4인실 - 4시간 5,000원, 4인실 - 6시간 7,000원, 4인실 - 11시간 12,000원"
르하임스터디카페 고대안암점,서울 성북구 개운사길 45 3층,안암역 1번출구에서 265m,0507-1368-6427,"1회 시간권 (4시간)5,000원1회 시간권 (6시간)6,000원1회 시간권 (9시간)8,000원1회 시간권 (12시간)10,000원1주권 기간권(7일)45,000원2주권 기간권 (14일)80,000원4주권 기간권 (28일)130,000원8주권 기간권(56일)250,000원12주권 기간권(84일)360,000원30시간 정액권(30일)40,000원",https://blog.naver.com/lchayimkorea1,"단체 이용 가능, 무선 인터넷, 남/녀 화장실 구분",205,54,성북구,안암역,5,가격정보 없음
UP투유스터디카페 보문역점,서울 성북구 보문로 90-2 덕산빌딩3층 업UP투유스터디카페,보문역 6번출구에서 219m,번호정보 없음,"당일권 2시간3,000원당일권 4시간5,000원당일권 6시간7,000원당일권 8시간8,000원당일권 10시간9,000원정액권 50시간60,000원정액권 100시간110,000원정액권 200시간210,000원기간권 2주80,000원기간권 4주140,000원",URL정보 없음,"무선 인터넷, 남/녀 화장실 구분, 단체 이용 가능",56,5,성북구,보문역,별점 정보 없음,가격정보 없음
보문스터디카페,서울 성북구 보문로 140 6층,보문역 3번출구에서 214m,번호정보 없음,가격정보 없음,URL정보 없음,비고 없음,방문자 리뷰 없음,블로그 리뷰 없음,성북구,보문역,별점 정보 없음,가격정보 없음
앤딩스터디카페 종암점,서울 성북구 종암로23길 16 지하1층,역정보 없음,02-953-9515,"1시간 일일권1,000원4시간 일일권3,500원6시간 일일권5,000원9시간 일일권7,000원12시간 일일권9,000원100시간 충전권95,000원200시간 충전권180,000원2주 기간권65,000원4주 기간권109,000원8주 기간권210,000원",https://www.andingstudy.com/,"남/녀 화장실 구분, 예약, 무선 인터넷, 단체 이용 가능, 간편결제",28,18,성북구,,별점 정보 없음,가격정보 없음
랭스터디카페 고려대점,서울 성북구 고려대로24길 55 3층 랭스터디카페 고려대점,안암역 3번출구에서 329m,02-926-3001,"1시간권2,000원3시간권4,500원6시간권8,000원8시간권10,000원자동연장요금(1시간)1,500원1일권(아침9시~밤12시)13,000원야간권(밤10시~아침9시)6,000원스터디룸(1시간)6,000원빅! 아메리카노 (스타벅스 원두)2,400원30일 무제한140,000원",http://langstudycafegu.modoo.at,"무선 인터넷, 남/녀 화장실 구분",295,75,성북구,안암역,별점 정보 없음,"0인실 - 1시간 2,000원, 0인실 - 3시간 4,500원, 0인실 - 6시간 8,000원, 0인실 - 8시간 10,000원, 0인실 - 1시간 자동연장요금 1,500원, 0인실 - 1시간 스터디룸 6,000원"
써니스터디카페,서울 성북구 도봉로 11 삼주빌딩 5층 501호,미아사거리역 4번출구에서 248m,0507-1317-0065,"2시간 이용권4,000원4시간 이용권6,000원6시간 이용권8,000원9시간 이용권10,000원12시간 이용권12,000원14일 기간권75,000원28일 기간권130,000원56일기간권240,000원98일기간권360,000원30일 지정석 기간권+사물함 30일190,000원",https://blog.naver.com/ssunyst,"단체 이용 가능, 예약, 무선 인터넷, 남/녀 화장실 구분, 주차",27,8,성북구,미아사거리역,별점 정보 없음,"4인실 - 1시간 2,000원, 4인실 - 1시간 1,500원, 4인실 - 1시간 1,333원, 4인실 - 1시간 1,111원, 4인실 - 1시간 1,000원"
스터디101,서울 성북구 종암로21길 128 두성빌딩 4층,길음역 10번출구에서 531m,0507-1324-1011,"선불권(30시간)-음료무료45,000원선불권(50시간)-음료무료70,000원1시간권-음료무료2,000원3시간권-음료무료4,000원5시간권-음료무료6,000원당일 시간권 추가요금 (30분당)500원선불권(100시간)-음료무료120,000원스터디룸/기본 2시간/2인 기준8,000원스터디룸/ 추가 1시간/2인 기준4,000원아메리카노(핫/아이스)2,000원",https://www.instagram.com/study101_jongam,"단체 이용 가능, 예약, 주차, 무선 인터넷, 포장, 발렛파킹, 남/녀 화장실 구분",23,2,성북구,길음역,4,"2인 - 1시간 4,000원, 2인 - 2시간 8,000원, 2인 - 3시간 12,000원"
포레스트스터디카페 고대안암점,서울 성북구 안암로 69-1 3층,안암역 3번출구에서 438m,0507-1376-1951,가격정보 없음,http://gosca.co.kr,"무선 인터넷, 남/녀 화장실 구분, 단체 이용 가능, 예약",12,26,성북구,안암역,별점 정보 없음,가격정보 없음
스토피아스터디카페 길음뉴타운센터,서울 성북구 삼양로 59 3층,길음역 7번출구에서 487m,0507-1374-2409,가격정보 없음,https://blog.naver.com/stopia_gn,"남/녀 화장실 구분, 무선 인터넷",36,10,성북구,길음역,별점 정보 없음,가격정보 없음
비바체스터디카페 경희대점,"서울 동대문구 경희대로 18 3,4층",회기역 1번출구에서 694m,0507-1377-9611,"(스터디룸) 4인룸 1시간6,000원(스터디룸) 6인룸 1시간8,000원(당일권) 2시간3,000원(당일권) 4시간5,000원(당일권) 6시간6,000원(당일권) 9시간8,000원(당일권) 12시간10,000원(정기권) 2주70,000원(정기권) 4주130,000원(정액권) 30시간 [유효기간90일]45,000원",https://blog.naver.com/2082ksh,비고 없음,134,29,동대문구,회기역,4,"4인실 - 1시간 6,000원, 6인실 - 1시간 8,000원"
커피엔스터디카페 스터디룸,서울 동대문구 이문로 86 2층 커피엔스터디카페 스터디룸,외대앞역 4번출구에서 424m,0507-1390-7607,가격정보 없음,https://coffeenstudy.modoo.at/,"무선 인터넷, 예약, 주차, 단체 이용 가능",164,9,동대문구,외대앞역,별점 정보 없음,가격정보 없음
어라운드스터디카페 전농점,서울 동대문구 전농로 120 3층 어라운드스터디카페 전농점,역정보 없음,0507-1470-3019,"4주 고정석(28일)160,000원2주 정기권(14일)80,000원4주 정기권(28일)140,000원8주 정기권(56일)260,000원50시간 정액권 (사용기한 2개월)70,000원100시간 정액권 (사용기한 4개월)120,000원200시간 정액권 (사용기한 6개월)220,000원2시간~12시간4,000~12,000원스터디룸 1~3인 1시간6,000원스터디룸 4~6인 1시간10,000원",https://aroundjn.modoo.at/,"단체 이용 가능, 무선 인터넷, 남/녀 화장실 구분, 예약",55,109,동대문구,,별점 정보 없음,"스터디룸 1~3인 - 1시간 6,000원, 스터디룸 4~6인 - 1시간 10,000원"
더스터디카페,서울 동대문구 망우로14길 6,회기역 2번출구에서 193m,번호정보 없음,"1시간1,500원2시간2,500원3시간3,500원4시간4,500원6시간6,000원9시간8,000원12시간10,000원24시간14,000원알파룸(2인실, 룸기준 시간당)4,000원회의실(4인실, 룸기준 시간당)5,000원",https://blog.naver.com/thestudy1,"예약, 남/녀 화장실 구분, 무선 인터넷, 단체 이용 가능",140,64,동대문구,회기역,4,"2인실 - 1시간 4,000원, 4인실 - 1시간 5,000원"
위넌스터디카페 장안센터2호점,서울 동대문구 한천로 205 서흥빌딩 2층,역정보 없음,0507-1350-6672,"(Study Zone) 1시간3,000원(Study Zone) 2시간4,000원(Study Zone) 4시간6,000원(Study Zone) 6시간8,000원(Study Zone) 8시간10,000원(Study Zone) 12시간12,000원(Study Zone) 24시간16,000원(Study Zone) 심야권(23~07)7,000원(Study Zone) 정기권 1주45,000원(Study Zone) 정기권 2주80,000원",https://winnen57.modoo.at/,비고 없음,31,25,동대문구,,별점 정보 없음,"Study Zone - 1시간 3,000원, Study Zone - 2시간 4,000원, Study Zone - 4시간 6,000원, Study Zone - 6시간 8,000원, Study Zone - 8시간 10,000원, Study Zone - 12시간 12,000원, Study Zone - 24시간 16,000원"
위넌스터디카페 회기점,서울 동대문구 천장산로7길 10-1 B1층,외대앞역 5번출구에서 706m,0507-1333-8723,"(Study Zone) 정기권 4주129,000원(Study Zone) 정기권 12주350,000원(Study Zone) 정기50시간권65,000원(Study Zone)정기100시간권115,000원(Study Zone) 2시간3,000원(Study Zone) 4시간5,500원(Study Zone) 6시간7,000원(Study Zone) 12시간10,000원(Study Zone) 24시간15,000원(Study Zone) 정기권 1주40,000원",https://winnen27.modoo.at/,비고 없음,48,18,동대문구,외대앞역,별점 정보 없음,가격정보 없음
커피엔스터디카페,서울 동대문구 이문로 86 2층 4층,외대앞역 4번출구에서 428m,0507-1469-2610,가격정보 없음,https://blog.naver.com/yewonv,"단체 이용 가능, 무선 인터넷, 예약, 남/녀 화장실 구분",97,23,동대문구,외대앞역,4,가격정보 없음
더라이트스터디카페,서울 동대문구 답십리로 154 3층 1호,역정보 없음,0507-1489-3650,가격정보 없음,https://thelightstudycafe.modoo.at,"단체 이용 가능, 남/녀 화장실 구분, 예약, 무선 인터넷, 간편결제",104,20,동대문구,,별점 정보 없음,가격정보 없음
퍼플스터디카페 동대문전농센터,서울 동대문구 전농로 124 3층,역정보 없음,번호정보 없음,가격정보 없음,URL정보 없음,"예약, 무선 인터넷, 남/녀 화장실 구분, 단체 이용 가능",32,25,동대문구,,별점 정보 없음,가격정보 없음
DCT스터디카페 신이문점,서울 동대문구 한천로58길 75-19 2층,신이문역 2번출구에서 288m,0507-1371-1746,가격정보 없음,https://blog.naver.com/dct3863,"단체 이용 가능, 주차, 무선 인터넷, 남/녀 화장실 구분",120,68,동대문구,신이문역,별점 정보 없음,가격정보 없음
스터디카페더딩글 답십리,서울 동대문구 고미술로 81 3층 310호,답십리역 4번출구에서 266m,0507-1461-5850,가격정보 없음,https://pf.kakao.com/_xkaIKb,"무선 인터넷, 남/녀 화장실 구분, 노키즈존, 단체 이용 가능, 간편결제, 주차",184,5,동대문구,답십리역,별점 정보 없음,가격정보 없음
본스터디카페,"서울 동대문구 전농로 114 2,3층",역정보 없음,0507-1341-7215,가격정보 없음,URL정보 없음,"주차, 단체 이용 가능, 무선 인터넷",20,4,동대문구,,별점 정보 없음,가격정보 없음
어반트리스터디카페 전농뉴타운센터,서울 동대문구 사가정로 109 3층 어반트리스터디카페 전농센터,역정보 없음,0507-1317-4992,가격정보 없음,http://www.어반트리.com,"남/녀 화장실 구분, 무선 인터넷, 예약, 단체 이용 가능",28,4,동대문구,,별점 정보 없음,가격정보 없음
토리 스터디룸카페,서울 중랑구 동일로 809,중화역 3번출구에서 88m,02-434-0280,"홀 기간권 1주60,000원홀 기간권 2주100,000원홀 기간권 3주130,000원홀 기간권 4주150,000원홀 시간권 50시간80,000원홀 시간권 100시간150,000원홀 시간권 150시간190,000원홀 시간권 200시간220,000원홀 1인 2시간3,000원홀 1인 3시간5,000원",URL정보 없음,무선 인터넷,33,61,중랑구,중화역,4,"1인 - 1시간 1,500원, 1인 - 2시간 3,000원, 1인 - 1시간 2,500원, 1인 - 3시간 5,000원"
랭스터디카페 성신여대점,"서울 성북구 동소문로20길 37-6 2층 , 3층",성신여대입구역 2번출구에서 212m,02-926-5153,"아이스아메리카노1,800원3시간권3,500원스터디룸 1인 1시간2,000원야간권 (이용시간:밤12시-아침 9시)4,000원8시간권8,500원1일권(아침09:00-밤 12:00)10,000원1시간권1,500원레모니카노2,400원깔루아마끼아또/당근생크림케익5,000원곡물 바나나3,700원",https://langssungshin.modoo.at,"단체 이용 가능, 예약, 무선 인터넷, 포장, 남/녀 화장실 구분",151,63,성북구,성신여대입구역,4,"1인 - 1시간 2,000원"
초심스터디카페 석계역점,서울 성북구 한천로76다길 46 3층,석계역 5번출구에서 111m,0507-1351-7414,가격정보 없음,https://chosimsky.modoo.at/,"남/녀 화장실 구분, 단체 이용 가능, 무선 인터넷",41,31,성북구,석계역,별점 정보 없음,가격정보 없음
서당스터디라운지 사가정점,서울 중랑구 사가정로 384 대길메디컬빌딩 7층 701호,사가정역 3번출구에서 72m,번호정보 없음,"2시간3,000원4시간5,000원6시간6,000원8시간8,000원10시간10,000원20시간30,000원30시간40,000원50시간 기본(2개월내 사용)66,000원50시간 할인(1개월내 사용)60,000원100시간 기본(2개월내 사용)120,000원",https://blog.naver.com/seodangsagajeong,"무선 인터넷, 남/녀 화장실 구분, 장애인 편의시설",78,14,중랑구,사가정역,4,"0인실 - 2시간 3,000원, 0인실 - 4시간 5,000원, 0인실 - 6시간 6,000원, 0인실 - 8시간 8,000원, 0인실 - 10시간 10,000원, 0인실 - 20시간 30,000원"
초월스터디카페 중화점,서울 중랑구 동일로 765 2층 초월스터디카페 중화점,중화역 3번출구에서 359m,번호정보 없음,"(시간권) 100시간120,000원(기간권) 4주130,000원(당일권) 1시간2,000원(당일권) 2시간3,000원(당일권) 4시간5,000원(당일권) 6시간6,000원(당일권) 9시간8,000원(당일권) 12시간10,000원(당일권) 24시간15,000원(당일권) 연장 1시간1,500원",https://chowoljh.modoo.at/,"단체 이용 가능, 남/녀 화장실 구분, 무선 인터넷",132,8,중랑구,중화역,4,"1인 - 1시간 2,000원, 2시간 3,000원, 4시간 5,000원, 6시간 6,000원, 9시간 8,000원, 12시간 10,000원, 24시간 15,000원, 1시간 1,500원~2,000원"
스페이스84 스터디카페 정릉길음점,서울 성북구 서경로 84 2-5층 스페이스84 스터디카페,북한산보국문역 1번출구에서 728m,0507-1372-1184,"고정석 > 30일200,000원자유석 > 30일160,000원자유석 > 100시간130,000원당일권 > 6시간10,000원자유석 > 50시간70,000원자유석 > 25시간40,000원자유석 > 200시간250,000원고정석 > 60일380,000원고정석 > 90일550,000원고정석 > 120일700,000원",https://pf.kakao.com/_yHPxjxj,"예약, 무선 인터넷, 남/녀 화장실 구분",74,5,성북구,북한산보국문역,별점 정보 없음,가격정보 없음
멘토즈스터디카페 동덕여대점,서울 성북구 화랑로11길 27 4층,월곡역 3번출구에서 142m,02-941-0981,"🔻24시간 무제한 이용변동기간권 4주권 (28일)160,000원기간권 2주권 (14일)90,000원기간권 1주권 (7일)50,000원노블레스(고정석) 28일230,000원🔻사용한 시간만큼 차감변동시간권 100시간권 (16주)130,000원시간권 50시간권 (8주)80,000원시간권 30시간권 (4주)50,000원🔻구매한 당일만 이용변동",https://blog.naver.com/mentors_ddwu,"남/녀 화장실 구분, 단체 이용 가능, 무선 인터넷, 대기공간",26,12,성북구,월곡역,별점 정보 없음,가격정보 없음
더스페이스,서울 중랑구 중랑역로53길 4 2층,태릉입구역 7번출구에서 383m,02-972-1690,가격정보 없음,https://blog.naver.com/lcs031614/222592079172,"단체 이용 가능, 주차, 예약, 무선 인터넷, 반려동물 동반",방문자 리뷰 없음,21,중랑구,태릉입구역,별점 정보 없음,가격정보 없음
초월스터디카페 중화2호점,서울 중랑구 동일로 763 3층 초월스터디카페 중화2호점,중화역 3번출구에서 394m,번호정보 없음,"(당일권) 1시간2,000원(당일권) 2시간3,000원(당일권) 4시간5,000원(당일권) 6시간6,000원(당일권) 9시간8,000원(당일권) 12시간10,000원(당일권) 24시간15,000원(당일권) 연장 1시간1,500원(당일권) 연장 2시간2,500원(시간권) 50시간70,000원",https://chowoljh.modoo.at/,"단체 이용 가능, 무선 인터넷, 남/녀 화장실 구분",122,3,중랑구,중화역,4,가격정보 없음
열공다방 스터디카페 꿈의숲점,서울 성북구 월계로 172,역정보 없음,번호정보 없음,"정기권 4주130,000원시간권 200시간200,000원당일권 2시간3,000원당일권 4시간5,000원당일권 6시간6,000원당일권 8시간8,000원당일권 12시간10,000원정기권 2주75,000원정기권 8주240,000원시간권 50시간65,000원",https://blog.naver.com/yeolgongdabang,"무선 인터넷, 예약, 남/녀 화장실 구분",105,20,성북구,,4,가격정보 없음
노원 공릉 파티룸 스터디룸 룸178,서울 노원구 동일로178길 8 178호,태릉입구역 4번출구에서 275m,0507-1384-1686,"1시간단위 예약변동[평일]데이 패키지(11-17시)60,000원[주말]데이 패키지(11-17시)90,000원[월화수목]이브닝패키지(18-24시)78,000원[금토]이브닝 패키지(18-24시)120,000원[일]이브닝 패키지(18시-24시)99,000원[평일]올나잇(18시-오전09시)120,000원[금토]올나잇(18시-다음날09시)170,000원[일]올나잇패키지(18시-다음날9시)149,000원*올나잇 추가요금 (0시-9시)50,000원",https://www.instagram.com/ro_om178,"무선 인터넷, 포장, 배달, 예약, 주차",82,131,노원구,태릉입구역,별점 정보 없음,"주중 - 1시간 10,000원, 주말/공휴일 - 1시간 15,000원, 주중 - 6시간 60,000원, 주말/공휴일 - 6시간 90,000원, [월화수목] - 6시간 78,000원, [금토] - 6시간 120,000원, [일] - 6시간 99,000원, 주중 - 15시간"
멘토즈스터디카페 공릉점,서울 노원구 공릉로46길 3 401호,공릉역 2번출구에서 629m,0507-1436-1511,"장기권, 할인 이벤트중 !변동스터디룸, 무료체험 사전예약필수변동⚠️스터디룸 카톡 문의 후 예약가능변동스터디룸 1시간 (최대4인)6,000원🔻24시간 무제한 이용, 공시생추천변동기간권 4주권 (28일)150,000원기간권 2주권 (14일)90,000원🔻원하는 시간만큼 이용, 직장인추천변동시간권 100시간 (유효기간16주)140,000원시간권 50시간 (유효기간8주)80,000원",https://pf.kakao.com/_lYLxiK,"단체 이용 가능, 예약, 무선 인터넷, 남/녀 화장실 구분, 간편결제, 주차",257,46,노원구,공릉역,4,"4인실 - 1시간 6,000원"
랭스터디카페 공릉점,서울 노원구 동일로192길 11 3층,공릉역 1번출구에서 68m,번호정보 없음,"❤️ 1개월 빡공하세요!변동100시간권 (1개월 빡공)100,000원200시간권 (1개월 빡공)120,000원❤️ 시간권으로 자유롭게 쓰세요변동30시간 (30일)45,000원50시간권 (60일)70,000원200시간권 (6개월)200,000원❤️ 기간권으로 편하고 안정적으로!변동2주 기간 (자유석)80,000원2주 기간권 (고정석)100,000원",https://langstudygn.modoo.at,"단체 이용 가능, 예약, 무선 인터넷, 남/녀 화장실 구분",218,63,노원구,공릉역,별점 정보 없음,가격정보 없음
